sourceName,sourceVersion,device,type,unit,creationDate,startDate,endDate,value
"iPhone","11.2","<<HKDevice: 0x283754780>, name:iPhone, manufacturer:Apple, model:iPhone, hardware:iPhone10,1, software:11.2>","FlightsClimbed","count",2017-12-23 19:51:08 +0100,2017-12-23 19:32:48 +0100,2017-12-23 19:32:48 +0100,1
"iPhone","11.2","<<HKDevice: 0x283754780>, name:iPhone, manufacturer:Apple, model:iPhone, hardware:iPhone10,1, software:11.2>","FlightsClimbed","count",2017-12-24 13:55:48 +0100,2017-12-24 13:37:10 +0100,2017-12-24 13:37:10 +0100,1
"iPhone","11.2","<<HKDevice: 0x283754780>, name:iPhone, manufacturer:Apple, model:iPhone, hardware:iPhone10,1, software:11.2>","FlightsClimbed","count",2017-12-24 18:13:46 +0100,2017-12-24 18:08:38 +0100,2017-12-24 18:08:38 +0100,1
"iPhone","11.2","<<HKDevice: 0x283754780>, name:iPhone, manufacturer:Apple, model:iPhone, hardware:iPhone10,1, software:11.2>","FlightsClimbed","count",2017-12-25 16:55:56 +0100,2017-12-25 16:01:09 +0100,2017-12-25 16:01:09 +0100,1
"iPhone","11.2","<<HKDevice: 0x283754780>, name:iPhone, manufacturer:Apple, model:iPhone, hardware:iPhone10,1, software:11.2>","FlightsClimbed","count",2017-12-26 13:56:06 +0100,2017-12-26 13:27:13 +0100,2017-12-26 13:27:13 +0100,1
"iPhone","11.2","<<HKDevice: 0x283754780>, name:iPhone, manufacturer:Apple, model:iPhone, hardware:iPhone10,1, software:11.2>","FlightsClimbed","count",2017-12-26 13:56:06 +0100,2017-12-26 13:27:25 +0100,2017-12-26 13:27:25 +0100,1
"iPhone","11.2","<<HKDevice: 0x283754780>, name:iPhone, manufacturer:Apple, model:iPhone, hardware:iPhone10,1, software:11.2>","FlightsClimbed","count",2017-12-26 14:59:30 +0100,2017-12-26 14:50:36 +0100,2017-12-26 14:50:36 +0100,1
"iPhone","11.2","<<HKDevice: 0x283754780>, name:iPhone, manufacturer:Apple, model:iPhone, hardware:iPhone10,1, software:11.2>","FlightsClimbed","count",2017-12-26 15:56:35 +0100,2017-12-26 15:44:02 +0100,2017-12-26 15:44:02 +0100,1
"iPhone","11.2","<<HKDevice: 0x283754780>, name:iPhone, manufacturer:Apple, model:iPhone, hardware:iPhone10,1, software:11.2>","FlightsClimbed","count",2017-12-26 15:56:35 +0100,2017-12-26 15:44:27 +0100,2017-12-26 15:44:27 +0100,1
"iPhone","11.2","<<HKDevice: 0x283754780>, name:iPhone, manufacturer:Apple, model:iPhone, hardware:iPhone10,1, software:11.2>","FlightsClimbed","count",2017-12-26 15:56:35 +0100,2017-12-26 15:44:53 +0100,2017-12-26 15:44:53 +0100,1
"iPhone","11.2","<<HKDevice: 0x283754780>, name:iPhone, manufacturer:Apple, model:iPhone, hardware:iPhone10,1, software:11.2>","FlightsClimbed","count",2017-12-26 21:56:41 +0100,2017-12-26 21:05:56 +0100,2017-12-26 21:05:56 +0100,1
"iPhone","11.2","<<HKDevice: 0x283754780>, name:iPhone, manufacturer:Apple, model:iPhone, hardware:iPhone10,1, software:11.2>","FlightsClimbed","count",2017-12-26 21:56:41 +0100,2017-12-26 21:07:16 +0100,2017-12-26 21:07:16 +0100,1
"iPhone","11.2","<<HKDevice: 0x283754780>, name:iPhone, manufacturer:Apple, model:iPhone, hardware:iPhone10,1, software:11.2>","FlightsClimbed","count",2017-12-26 21:56:41 +0100,2017-12-26 21:07:26 +0100,2017-12-26 21:07:26 +0100,1
"iPhone","11.2","<<HKDevice: 0x283754780>, name:iPhone, manufacturer:Apple, model:iPhone, hardware:iPhone10,1, software:11.2>","FlightsClimbed","count",2017-12-26 21:56:41 +0100,2017-12-26 21:07:39 +0100,2017-12-26 21:07:39 +0100,1
"iPhone","11.2","<<HKDevice: 0x283754780>, name:iPhone, manufacturer:Apple, model:iPhone, hardware:iPhone10,1, software:11.2>","FlightsClimbed","count",2017-12-26 21:56:41 +0100,2017-12-26 21:07:49 +0100,2017-12-26 21:07:49 +0100,1
"iPhone","11.2","<<HKDevice: 0x283754780>, name:iPhone, manufacturer:Apple, model:iPhone, hardware:iPhone10,1, software:11.2>","FlightsClimbed","count",2017-12-27 10:01:18 +0100,2017-12-27 09:01:41 +0100,2017-12-27 09:01:41 +0100,1
"iPhone","11.2","<<HKDevice: 0x283754780>, name:iPhone, manufacturer:Apple, model:iPhone, hardware:iPhone10,1, software:11.2>","FlightsClimbed","count",2017-12-27 10:01:18 +0100,2017-12-27 09:01:52 +0100,2017-12-27 09:01:52 +0100,1
"iPhone","11.2","<<HKDevice: 0x283754780>, name:iPhone, manufacturer:Apple, model:iPhone, hardware:iPhone10,1, software:11.2>","FlightsClimbed","count",2017-12-27 10:01:18 +0100,2017-12-27 09:02:04 +0100,2017-12-27 09:02:04 +0100,1
"iPhone","11.2","<<HKDevice: 0x283754780>, name:iPhone, manufacturer:Apple, model:iPhone, hardware:iPhone10,1, software:11.2>","FlightsClimbed","count",2017-12-27 10:01:18 +0100,2017-12-27 09:02:15 +0100,2017-12-27 09:02:15 +0100,1
"iPhone","11.2","<<HKDevice: 0x283754780>, name:iPhone, manufacturer:Apple, model:iPhone, hardware:iPhone10,1, software:11.2>","FlightsClimbed","count",2017-12-27 11:15:50 +0100,2017-12-27 11:04:10 +0100,2017-12-27 11:04:10 +0100,1
"iPhone","11.2","<<HKDevice: 0x283754780>, name:iPhone, manufacturer:Apple, model:iPhone, hardware:iPhone10,1, software:11.2>","FlightsClimbed","count",2017-12-27 11:15:50 +0100,2017-12-27 11:04:36 +0100,2017-12-27 11:04:36 +0100,1
"iPhone","11.2","<<HKDevice: 0x283754780>, name:iPhone, manufacturer:Apple, model:iPhone, hardware:iPhone10,1, software:11.2>","FlightsClimbed","count",2017-12-27 11:15:50 +0100,2017-12-27 11:04:59 +0100,2017-12-27 11:04:59 +0100,1
"iPhone","11.2","<<HKDevice: 0x283754780>, name:iPhone, manufacturer:Apple, model:iPhone, hardware:iPhone10,1, software:11.2>","FlightsClimbed","count",2017-12-27 13:57:59 +0100,2017-12-27 13:19:13 +0100,2017-12-27 13:19:13 +0100,1
"iPhone","11.2","<<HKDevice: 0x283754780>, name:iPhone, manufacturer:Apple, model:iPhone, hardware:iPhone10,1, software:11.2>","FlightsClimbed","count",2017-12-27 19:57:01 +0100,2017-12-27 19:25:23 +0100,2017-12-27 19:25:23 +0100,1
"iPhone","11.2","<<HKDevice: 0x283754780>, name:iPhone, manufacturer:Apple, model:iPhone, hardware:iPhone10,1, software:11.2>","FlightsClimbed","count",2017-12-27 19:57:01 +0100,2017-12-27 19:30:40 +0100,2017-12-27 19:30:40 +0100,1
"iPhone","11.2","<<HKDevice: 0x283754780>, name:iPhone, manufacturer:Apple, model:iPhone, hardware:iPhone10,1, software:11.2>","FlightsClimbed","count",2017-12-28 10:29:48 +0100,2017-12-28 10:21:42 +0100,2017-12-28 10:21:42 +0100,1
"iPhone","11.2","<<HKDevice: 0x283754780>, name:iPhone, manufacturer:Apple, model:iPhone, hardware:iPhone10,1, software:11.2>","FlightsClimbed","count",2017-12-28 10:29:48 +0100,2017-12-28 10:21:52 +0100,2017-12-28 10:21:52 +0100,1
"iPhone","11.2","<<HKDevice: 0x283754780>, name:iPhone, manufacturer:Apple, model:iPhone, hardware:iPhone10,1, software:11.2>","FlightsClimbed","count",2017-12-28 10:29:48 +0100,2017-12-28 10:22:31 +0100,2017-12-28 10:22:31 +0100,1
"iPhone","11.2.1","<<HKDevice: 0x2837544b0>, name:iPhone, manufacturer:Apple, model:iPhone, hardware:iPhone10,1, software:11.2.1>","FlightsClimbed","count",2017-12-28 14:28:01 +0100,2017-12-28 13:30:08 +0100,2017-12-28 13:30:08 +0100,1
"iPhone","11.2.1","<<HKDevice: 0x2837544b0>, name:iPhone, manufacturer:Apple, model:iPhone, hardware:iPhone10,1, software:11.2.1>","FlightsClimbed","count",2017-12-28 14:28:01 +0100,2017-12-28 13:41:12 +0100,2017-12-28 13:41:12 +0100,1
"iPhone","11.2.1","<<HKDevice: 0x2837544b0>, name:iPhone, manufacturer:Apple, model:iPhone, hardware:iPhone10,1, software:11.2.1>","FlightsClimbed","count",2017-12-28 14:28:01 +0100,2017-12-28 13:42:41 +0100,2017-12-28 13:42:41 +0100,1
"iPhone","11.2.1","<<HKDevice: 0x2837544b0>, name:iPhone, manufacturer:Apple, model:iPhone, hardware:iPhone10,1, software:11.2.1>","FlightsClimbed","count",2017-12-28 14:28:01 +0100,2017-12-28 13:43:43 +0100,2017-12-28 13:43:43 +0100,1
"iPhone","11.2.1","<<HKDevice: 0x2837544b0>, name:iPhone, manufacturer:Apple, model:iPhone, hardware:iPhone10,1, software:11.2.1>","FlightsClimbed","count",2017-12-28 14:28:01 +0100,2017-12-28 13:43:53 +0100,2017-12-28 13:43:53 +0100,1
"iPhone","11.2.1","<<HKDevice: 0x2837544b0>, name:iPhone, manufacturer:Apple, model:iPhone, hardware:iPhone10,1, software:11.2.1>","FlightsClimbed","count",2017-12-28 14:28:01 +0100,2017-12-28 13:58:59 +0100,2017-12-28 13:58:59 +0100,1
"iPhone","11.2.1","<<HKDevice: 0x2837544b0>, name:iPhone, manufacturer:Apple, model:iPhone, hardware:iPhone10,1, software:11.2.1>","FlightsClimbed","count",2017-12-28 14:28:01 +0100,2017-12-28 13:59:17 +0100,2017-12-28 13:59:17 +0100,1
"iPhone","11.2.1","<<HKDevice: 0x2837544b0>, name:iPhone, manufacturer:Apple, model:iPhone, hardware:iPhone10,1, software:11.2.1>","FlightsClimbed","count",2017-12-28 14:28:01 +0100,2017-12-28 14:00:11 +0100,2017-12-28 14:00:11 +0100,2
"iPhone","11.2.1","<<HKDevice: 0x2837544b0>, name:iPhone, manufacturer:Apple, model:iPhone, hardware:iPhone10,1, software:11.2.1>","FlightsClimbed","count",2017-12-28 20:24:36 +0100,2017-12-28 20:21:33 +0100,2017-12-28 20:21:33 +0100,1
"iPhone","11.2.1","<<HKDevice: 0x2837544b0>, name:iPhone, manufacturer:Apple, model:iPhone, hardware:iPhone10,1, software:11.2.1>","FlightsClimbed","count",2017-12-28 21:29:52 +0100,2017-12-28 20:26:53 +0100,2017-12-28 20:26:53 +0100,1
"iPhone","11.2.1","<<HKDevice: 0x2837544b0>, name:iPhone, manufacturer:Apple, model:iPhone, hardware:iPhone10,1, software:11.2.1>","FlightsClimbed","count",2017-12-28 21:29:52 +0100,2017-12-28 20:27:06 +0100,2017-12-28 20:27:06 +0100,1
"iPhone","11.2.1","<<HKDevice: 0x2837544b0>, name:iPhone, manufacturer:Apple, model:iPhone, hardware:iPhone10,1, software:11.2.1>","FlightsClimbed","count",2017-12-28 21:29:52 +0100,2017-12-28 20:27:14 +0100,2017-12-28 20:27:14 +0100,1
"iPhone","11.2.1","<<HKDevice: 0x2837544b0>, name:iPhone, manufacturer:Apple, model:iPhone, hardware:iPhone10,1, software:11.2.1>","FlightsClimbed","count",2017-12-28 21:29:52 +0100,2017-12-28 20:27:34 +0100,2017-12-28 20:27:34 +0100,1
"iPhone","11.2.1","<<HKDevice: 0x2837544b0>, name:iPhone, manufacturer:Apple, model:iPhone, hardware:iPhone10,1, software:11.2.1>","FlightsClimbed","count",2017-12-29 10:26:42 +0100,2017-12-29 10:16:58 +0100,2017-12-29 10:16:58 +0100,1
"iPhone","11.2.1","<<HKDevice: 0x2837544b0>, name:iPhone, manufacturer:Apple, model:iPhone, hardware:iPhone10,1, software:11.2.1>","FlightsClimbed","count",2017-12-29 10:26:42 +0100,2017-12-29 10:17:26 +0100,2017-12-29 10:17:26 +0100,1
"iPhone","11.2.1","<<HKDevice: 0x2837544b0>, name:iPhone, manufacturer:Apple, model:iPhone, hardware:iPhone10,1, software:11.2.1>","FlightsClimbed","count",2017-12-29 10:26:42 +0100,2017-12-29 10:17:52 +0100,2017-12-29 10:17:52 +0100,1
"iPhone","11.2.1","<<HKDevice: 0x2837544b0>, name:iPhone, manufacturer:Apple, model:iPhone, hardware:iPhone10,1, software:11.2.1>","FlightsClimbed","count",2017-12-29 16:24:40 +0100,2017-12-29 15:51:46 +0100,2017-12-29 15:51:46 +0100,1
"iPhone","11.2.1","<<HKDevice: 0x2837544b0>, name:iPhone, manufacturer:Apple, model:iPhone, hardware:iPhone10,1, software:11.2.1>","FlightsClimbed","count",2017-12-29 16:24:40 +0100,2017-12-29 16:03:02 +0100,2017-12-29 16:03:02 +0100,1
"iPhone","11.2.1","<<HKDevice: 0x2837544b0>, name:iPhone, manufacturer:Apple, model:iPhone, hardware:iPhone10,1, software:11.2.1>","FlightsClimbed","count",2017-12-29 16:24:40 +0100,2017-12-29 16:04:26 +0100,2017-12-29 16:04:26 +0100,1
"iPhone","11.2.1","<<HKDevice: 0x2837544b0>, name:iPhone, manufacturer:Apple, model:iPhone, hardware:iPhone10,1, software:11.2.1>","FlightsClimbed","count",2017-12-29 16:24:40 +0100,2017-12-29 16:04:36 +0100,2017-12-29 16:04:36 +0100,1
"iPhone","11.2.1","<<HKDevice: 0x2837544b0>, name:iPhone, manufacturer:Apple, model:iPhone, hardware:iPhone10,1, software:11.2.1>","FlightsClimbed","count",2017-12-29 16:24:40 +0100,2017-12-29 16:04:49 +0100,2017-12-29 16:04:49 +0100,1
"iPhone","11.2.1","<<HKDevice: 0x2837544b0>, name:iPhone, manufacturer:Apple, model:iPhone, hardware:iPhone10,1, software:11.2.1>","FlightsClimbed","count",2017-12-29 17:24:26 +0100,2017-12-29 16:27:21 +0100,2017-12-29 16:27:21 +0100,1
"iPhone","11.2.1","<<HKDevice: 0x2837544b0>, name:iPhone, manufacturer:Apple, model:iPhone, hardware:iPhone10,1, software:11.2.1>","FlightsClimbed","count",2017-12-29 17:24:26 +0100,2017-12-29 16:28:02 +0100,2017-12-29 16:28:02 +0100,1
"iPhone","11.2.1","<<HKDevice: 0x2837544b0>, name:iPhone, manufacturer:Apple, model:iPhone, hardware:iPhone10,1, software:11.2.1>","FlightsClimbed","count",2017-12-29 17:24:26 +0100,2017-12-29 16:28:17 +0100,2017-12-29 16:28:17 +0100,1
"iPhone","11.2.1","<<HKDevice: 0x2837544b0>, name:iPhone, manufacturer:Apple, model:iPhone, hardware:iPhone10,1, software:11.2.1>","FlightsClimbed","count",2017-12-29 17:24:26 +0100,2017-12-29 17:02:41 +0100,2017-12-29 17:02:41 +0100,1
"iPhone","11.2.1","<<HKDevice: 0x2837544b0>, name:iPhone, manufacturer:Apple, model:iPhone, hardware:iPhone10,1, software:11.2.1>","FlightsClimbed","count",2017-12-29 17:24:26 +0100,2017-12-29 17:11:00 +0100,2017-12-29 17:11:00 +0100,1
"iPhone","11.2.1","<<HKDevice: 0x2837544b0>, name:iPhone, manufacturer:Apple, model:iPhone, hardware:iPhone10,1, software:11.2.1>","FlightsClimbed","count",2017-12-29 17:24:26 +0100,2017-12-29 17:11:16 +0100,2017-12-29 17:11:16 +0100,1
"iPhone","11.2.1","<<HKDevice: 0x2837544b0>, name:iPhone, manufacturer:Apple, model:iPhone, hardware:iPhone10,1, software:11.2.1>","FlightsClimbed","count",2017-12-29 17:24:26 +0100,2017-12-29 17:11:28 +0100,2017-12-29 17:11:28 +0100,1
"iPhone","11.2.1","<<HKDevice: 0x2837544b0>, name:iPhone, manufacturer:Apple, model:iPhone, hardware:iPhone10,1, software:11.2.1>","FlightsClimbed","count",2017-12-29 17:24:26 +0100,2017-12-29 17:11:41 +0100,2017-12-29 17:11:41 +0100,1
"iPhone","11.2.1","<<HKDevice: 0x2837544b0>, name:iPhone, manufacturer:Apple, model:iPhone, hardware:iPhone10,1, software:11.2.1>","FlightsClimbed","count",2017-12-29 17:24:26 +0100,2017-12-29 17:11:59 +0100,2017-12-29 17:11:59 +0100,1
"iPhone","11.2.1","<<HKDevice: 0x2837544b0>, name:iPhone, manufacturer:Apple, model:iPhone, hardware:iPhone10,1, software:11.2.1>","FlightsClimbed","count",2017-12-29 17:24:26 +0100,2017-12-29 17:12:27 +0100,2017-12-29 17:12:27 +0100,1
"iPhone","11.2.1","<<HKDevice: 0x2837544b0>, name:iPhone, manufacturer:Apple, model:iPhone, hardware:iPhone10,1, software:11.2.1>","FlightsClimbed","count",2017-12-29 17:24:26 +0100,2017-12-29 17:12:43 +0100,2017-12-29 17:12:43 +0100,1
"iPhone","11.2.1","<<HKDevice: 0x2837544b0>, name:iPhone, manufacturer:Apple, model:iPhone, hardware:iPhone10,1, software:11.2.1>","FlightsClimbed","count",2017-12-29 17:24:26 +0100,2017-12-29 17:14:07 +0100,2017-12-29 17:14:07 +0100,1
"iPhone","11.2.1","<<HKDevice: 0x2837544b0>, name:iPhone, manufacturer:Apple, model:iPhone, hardware:iPhone10,1, software:11.2.1>","FlightsClimbed","count",2017-12-29 17:24:26 +0100,2017-12-29 17:14:35 +0100,2017-12-29 17:14:35 +0100,1
"iPhone","11.2.1","<<HKDevice: 0x2837544b0>, name:iPhone, manufacturer:Apple, model:iPhone, hardware:iPhone10,1, software:11.2.1>","FlightsClimbed","count",2017-12-29 17:24:26 +0100,2017-12-29 17:14:58 +0100,2017-12-29 17:14:58 +0100,1
"iPhone","11.2.1","<<HKDevice: 0x2837544b0>, name:iPhone, manufacturer:Apple, model:iPhone, hardware:iPhone10,1, software:11.2.1>","FlightsClimbed","count",2017-12-29 17:24:26 +0100,2017-12-29 17:15:16 +0100,2017-12-29 17:15:16 +0100,1
"iPhone","11.2.1","<<HKDevice: 0x2837544b0>, name:iPhone, manufacturer:Apple, model:iPhone, hardware:iPhone10,1, software:11.2.1>","FlightsClimbed","count",2017-12-29 18:24:34 +0100,2017-12-29 17:26:40 +0100,2017-12-29 17:26:40 +0100,1
"iPhone","11.2.1","<<HKDevice: 0x2837544b0>, name:iPhone, manufacturer:Apple, model:iPhone, hardware:iPhone10,1, software:11.2.1>","FlightsClimbed","count",2017-12-29 18:24:34 +0100,2017-12-29 17:27:21 +0100,2017-12-29 17:27:21 +0100,1
"iPhone","11.2.1","<<HKDevice: 0x2837544b0>, name:iPhone, manufacturer:Apple, model:iPhone, hardware:iPhone10,1, software:11.2.1>","FlightsClimbed","count",2017-12-29 21:24:19 +0100,2017-12-29 20:59:14 +0100,2017-12-29 20:59:14 +0100,1
"iPhone","11.2.1","<<HKDevice: 0x2837544b0>, name:iPhone, manufacturer:Apple, model:iPhone, hardware:iPhone10,1, software:11.2.1>","FlightsClimbed","count",2017-12-29 21:24:19 +0100,2017-12-29 21:00:28 +0100,2017-12-29 21:00:28 +0100,1
"iPhone","11.2.1","<<HKDevice: 0x2837544b0>, name:iPhone, manufacturer:Apple, model:iPhone, hardware:iPhone10,1, software:11.2.1>","FlightsClimbed","count",2017-12-29 21:24:19 +0100,2017-12-29 21:00:41 +0100,2017-12-29 21:00:41 +0100,1
"iPhone","11.2.1","<<HKDevice: 0x2837544b0>, name:iPhone, manufacturer:Apple, model:iPhone, hardware:iPhone10,1, software:11.2.1>","FlightsClimbed","count",2017-12-29 21:24:19 +0100,2017-12-29 21:00:51 +0100,2017-12-29 21:00:51 +0100,1
"iPhone","11.2.1","<<HKDevice: 0x2837544b0>, name:iPhone, manufacturer:Apple, model:iPhone, hardware:iPhone10,1, software:11.2.1>","FlightsClimbed","count",2017-12-29 21:24:19 +0100,2017-12-29 21:01:04 +0100,2017-12-29 21:01:04 +0100,1
"iPhone","11.2.1","<<HKDevice: 0x2837544b0>, name:iPhone, manufacturer:Apple, model:iPhone, hardware:iPhone10,1, software:11.2.1>","FlightsClimbed","count",2017-12-30 18:25:52 +0100,2017-12-30 17:44:46 +0100,2017-12-30 17:44:46 +0100,1
"iPhone","11.2.1","<<HKDevice: 0x2837544b0>, name:iPhone, manufacturer:Apple, model:iPhone, hardware:iPhone10,1, software:11.2.1>","FlightsClimbed","count",2017-12-30 18:25:52 +0100,2017-12-30 17:44:59 +0100,2017-12-30 17:44:59 +0100,1
"iPhone","11.2.1","<<HKDevice: 0x2837544b0>, name:iPhone, manufacturer:Apple, model:iPhone, hardware:iPhone10,1, software:11.2.1>","FlightsClimbed","count",2017-12-30 18:25:52 +0100,2017-12-30 17:45:12 +0100,2017-12-30 17:45:12 +0100,1
"iPhone","11.2.1","<<HKDevice: 0x2837544b0>, name:iPhone, manufacturer:Apple, model:iPhone, hardware:iPhone10,1, software:11.2.1>","FlightsClimbed","count",2017-12-31 11:41:23 +0100,2017-12-31 11:08:24 +0100,2017-12-31 11:08:24 +0100,1
"iPhone","11.2.1","<<HKDevice: 0x2837544b0>, name:iPhone, manufacturer:Apple, model:iPhone, hardware:iPhone10,1, software:11.2.1>","FlightsClimbed","count",2017-12-31 11:41:23 +0100,2017-12-31 11:08:40 +0100,2017-12-31 11:08:40 +0100,1
"iPhone","11.2.1","<<HKDevice: 0x2837544b0>, name:iPhone, manufacturer:Apple, model:iPhone, hardware:iPhone10,1, software:11.2.1>","FlightsClimbed","count",2017-12-31 13:20:52 +0100,2017-12-31 13:17:09 +0100,2017-12-31 13:17:09 +0100,1
"iPhone","11.2.1","<<HKDevice: 0x2837544b0>, name:iPhone, manufacturer:Apple, model:iPhone, hardware:iPhone10,1, software:11.2.1>","FlightsClimbed","count",2017-12-31 13:20:52 +0100,2017-12-31 13:17:22 +0100,2017-12-31 13:17:22 +0100,1
"iPhone","11.2.1","<<HKDevice: 0x2837544b0>, name:iPhone, manufacturer:Apple, model:iPhone, hardware:iPhone10,1, software:11.2.1>","FlightsClimbed","count",2017-12-31 13:20:52 +0100,2017-12-31 13:17:35 +0100,2017-12-31 13:17:35 +0100,1
"iPhone","11.2.1","<<HKDevice: 0x2837544b0>, name:iPhone, manufacturer:Apple, model:iPhone, hardware:iPhone10,1, software:11.2.1>","FlightsClimbed","count",2017-12-31 13:20:52 +0100,2017-12-31 13:17:45 +0100,2017-12-31 13:17:45 +0100,1
"iPhone","11.2.1","<<HKDevice: 0x2837544b0>, name:iPhone, manufacturer:Apple, model:iPhone, hardware:iPhone10,1, software:11.2.1>","FlightsClimbed","count",2017-12-31 15:59:33 +0100,2017-12-31 15:47:48 +0100,2017-12-31 15:47:48 +0100,1
"iPhone","11.2.1","<<HKDevice: 0x2837544b0>, name:iPhone, manufacturer:Apple, model:iPhone, hardware:iPhone10,1, software:11.2.1>","FlightsClimbed","count",2017-12-31 15:59:33 +0100,2017-12-31 15:48:09 +0100,2017-12-31 15:48:09 +0100,1
"iPhone","11.2.1","<<HKDevice: 0x2837544b0>, name:iPhone, manufacturer:Apple, model:iPhone, hardware:iPhone10,1, software:11.2.1>","FlightsClimbed","count",2017-12-31 19:59:51 +0100,2017-12-31 19:17:35 +0100,2017-12-31 19:17:35 +0100,1
"iPhone","11.2.1","<<HKDevice: 0x2837544b0>, name:iPhone, manufacturer:Apple, model:iPhone, hardware:iPhone10,1, software:11.2.1>","FlightsClimbed","count",2017-12-31 19:59:51 +0100,2017-12-31 19:17:55 +0100,2017-12-31 19:17:55 +0100,1
"iPhone","11.2.1","<<HKDevice: 0x2837544b0>, name:iPhone, manufacturer:Apple, model:iPhone, hardware:iPhone10,1, software:11.2.1>","FlightsClimbed","count",2018-01-01 02:57:09 +0100,2018-01-01 02:48:03 +0100,2018-01-01 02:48:03 +0100,1
"iPhone","11.2.1","<<HKDevice: 0x2837544b0>, name:iPhone, manufacturer:Apple, model:iPhone, hardware:iPhone10,1, software:11.2.1>","FlightsClimbed","count",2018-01-01 02:57:09 +0100,2018-01-01 02:48:39 +0100,2018-01-01 02:48:39 +0100,1
"iPhone","11.2.1","<<HKDevice: 0x2837544b0>, name:iPhone, manufacturer:Apple, model:iPhone, hardware:iPhone10,1, software:11.2.1>","FlightsClimbed","count",2018-01-01 17:00:14 +0100,2018-01-01 16:06:54 +0100,2018-01-01 16:06:54 +0100,1
"iPhone","11.2.1","<<HKDevice: 0x2837544b0>, name:iPhone, manufacturer:Apple, model:iPhone, hardware:iPhone10,1, software:11.2.1>","FlightsClimbed","count",2018-01-01 17:00:14 +0100,2018-01-01 16:07:04 +0100,2018-01-01 16:07:04 +0100,1
"iPhone","11.2.1","<<HKDevice: 0x2837544b0>, name:iPhone, manufacturer:Apple, model:iPhone, hardware:iPhone10,1, software:11.2.1>","FlightsClimbed","count",2018-01-01 17:00:14 +0100,2018-01-01 16:07:17 +0100,2018-01-01 16:07:17 +0100,1
"iPhone","11.2.1","<<HKDevice: 0x2837544b0>, name:iPhone, manufacturer:Apple, model:iPhone, hardware:iPhone10,1, software:11.2.1>","FlightsClimbed","count",2018-01-01 17:00:14 +0100,2018-01-01 16:07:30 +0100,2018-01-01 16:07:30 +0100,1
"iPhone","11.2.1","<<HKDevice: 0x2837544b0>, name:iPhone, manufacturer:Apple, model:iPhone, hardware:iPhone10,1, software:11.2.1>","FlightsClimbed","count",2018-01-01 18:59:08 +0100,2018-01-01 17:37:20 +0100,2018-01-01 17:37:20 +0100,1
"iPhone","11.2.1","<<HKDevice: 0x2837544b0>, name:iPhone, manufacturer:Apple, model:iPhone, hardware:iPhone10,1, software:11.2.1>","FlightsClimbed","count",2018-01-01 18:59:08 +0100,2018-01-01 17:37:32 +0100,2018-01-01 17:37:32 +0100,1
"iPhone","11.2.1","<<HKDevice: 0x2837544b0>, name:iPhone, manufacturer:Apple, model:iPhone, hardware:iPhone10,1, software:11.2.1>","FlightsClimbed","count",2018-01-02 10:01:37 +0100,2018-01-02 09:37:45 +0100,2018-01-02 09:37:45 +0100,1
"iPhone","11.2.1","<<HKDevice: 0x2837544b0>, name:iPhone, manufacturer:Apple, model:iPhone, hardware:iPhone10,1, software:11.2.1>","FlightsClimbed","count",2018-01-02 10:01:37 +0100,2018-01-02 09:38:00 +0100,2018-01-02 09:38:00 +0100,1
"iPhone","11.2.1","<<HKDevice: 0x2837544b0>, name:iPhone, manufacturer:Apple, model:iPhone, hardware:iPhone10,1, software:11.2.1>","FlightsClimbed","count",2018-01-02 10:01:37 +0100,2018-01-02 09:38:36 +0100,2018-01-02 09:38:36 +0100,1
"iPhone","11.2.1","<<HKDevice: 0x2837544b0>, name:iPhone, manufacturer:Apple, model:iPhone, hardware:iPhone10,1, software:11.2.1>","FlightsClimbed","count",2018-01-02 10:01:37 +0100,2018-01-02 09:38:49 +0100,2018-01-02 09:38:49 +0100,1
"iPhone","11.2.1","<<HKDevice: 0x2837544b0>, name:iPhone, manufacturer:Apple, model:iPhone, hardware:iPhone10,1, software:11.2.1>","FlightsClimbed","count",2018-01-02 12:58:21 +0100,2018-01-02 12:51:18 +0100,2018-01-02 12:51:18 +0100,1
"iPhone","11.2.1","<<HKDevice: 0x2837544b0>, name:iPhone, manufacturer:Apple, model:iPhone, hardware:iPhone10,1, software:11.2.1>","FlightsClimbed","count",2018-01-02 18:57:37 +0100,2018-01-02 18:52:16 +0100,2018-01-02 18:52:16 +0100,1
"iPhone","11.2.1","<<HKDevice: 0x2837544b0>, name:iPhone, manufacturer:Apple, model:iPhone, hardware:iPhone10,1, software:11.2.1>","FlightsClimbed","count",2018-01-02 19:57:36 +0100,2018-01-02 19:14:22 +0100,2018-01-02 19:14:22 +0100,1
"iPhone","11.2.1","<<HKDevice: 0x2837544b0>, name:iPhone, manufacturer:Apple, model:iPhone, hardware:iPhone10,1, software:11.2.1>","FlightsClimbed","count",2018-01-02 19:57:36 +0100,2018-01-02 19:14:35 +0100,2018-01-02 19:14:35 +0100,1
"iPhone","11.2.1","<<HKDevice: 0x2837544b0>, name:iPhone, manufacturer:Apple, model:iPhone, hardware:iPhone10,1, software:11.2.1>","FlightsClimbed","count",2018-01-02 19:57:36 +0100,2018-01-02 19:14:53 +0100,2018-01-02 19:14:53 +0100,1
"iPhone","11.2.1","<<HKDevice: 0x2837544b0>, name:iPhone, manufacturer:Apple, model:iPhone, hardware:iPhone10,1, software:11.2.1>","FlightsClimbed","count",2018-01-02 19:57:36 +0100,2018-01-02 19:30:07 +0100,2018-01-02 19:30:07 +0100,1
"iPhone","11.2.1","<<HKDevice: 0x2837544b0>, name:iPhone, manufacturer:Apple, model:iPhone, hardware:iPhone10,1, software:11.2.1>","FlightsClimbed","count",2018-01-02 19:57:36 +0100,2018-01-02 19:30:17 +0100,2018-01-02 19:30:17 +0100,1
"iPhone","11.2.1","<<HKDevice: 0x2837544b0>, name:iPhone, manufacturer:Apple, model:iPhone, hardware:iPhone10,1, software:11.2.1>","FlightsClimbed","count",2018-01-02 19:57:36 +0100,2018-01-02 19:30:27 +0100,2018-01-02 19:30:27 +0100,1
"iPhone","11.2.1","<<HKDevice: 0x2837544b0>, name:iPhone, manufacturer:Apple, model:iPhone, hardware:iPhone10,1, software:11.2.1>","FlightsClimbed","count",2018-01-02 19:57:36 +0100,2018-01-02 19:30:35 +0100,2018-01-02 19:30:35 +0100,1
"iPhone","11.2.1","<<HKDevice: 0x2837544b0>, name:iPhone, manufacturer:Apple, model:iPhone, hardware:iPhone10,1, software:11.2.1>","FlightsClimbed","count",2018-01-03 10:00:49 +0100,2018-01-03 09:51:59 +0100,2018-01-03 09:51:59 +0100,1
"iPhone","11.2.1","<<HKDevice: 0x2837544b0>, name:iPhone, manufacturer:Apple, model:iPhone, hardware:iPhone10,1, software:11.2.1>","FlightsClimbed","count",2018-01-03 10:00:49 +0100,2018-01-03 09:52:16 +0100,2018-01-03 09:52:16 +0100,1
"iPhone","11.2.1","<<HKDevice: 0x2837544b0>, name:iPhone, manufacturer:Apple, model:iPhone, hardware:iPhone10,1, software:11.2.1>","FlightsClimbed","count",2018-01-03 10:00:49 +0100,2018-01-03 09:52:37 +0100,2018-01-03 09:52:37 +0100,1
"iPhone","11.2.1","<<HKDevice: 0x2837544b0>, name:iPhone, manufacturer:Apple, model:iPhone, hardware:iPhone10,1, software:11.2.1>","FlightsClimbed","count",2018-01-03 10:00:49 +0100,2018-01-03 09:52:50 +0100,2018-01-03 09:52:50 +0100,1
"iPhone","11.2.1","<<HKDevice: 0x2837544b0>, name:iPhone, manufacturer:Apple, model:iPhone, hardware:iPhone10,1, software:11.2.1>","FlightsClimbed","count",2018-01-03 14:57:38 +0100,2018-01-03 13:57:42 +0100,2018-01-03 13:57:42 +0100,1
"iPhone","11.2.1","<<HKDevice: 0x2837544b0>, name:iPhone, manufacturer:Apple, model:iPhone, hardware:iPhone10,1, software:11.2.1>","FlightsClimbed","count",2018-01-03 14:57:38 +0100,2018-01-03 13:58:00 +0100,2018-01-03 13:58:00 +0100,1
"iPhone","11.2.1","<<HKDevice: 0x2837544b0>, name:iPhone, manufacturer:Apple, model:iPhone, hardware:iPhone10,1, software:11.2.1>","FlightsClimbed","count",2018-01-03 17:11:22 +0100,2018-01-03 16:22:39 +0100,2018-01-03 16:22:39 +0100,1
"iPhone","11.2.1","<<HKDevice: 0x2837544b0>, name:iPhone, manufacturer:Apple, model:iPhone, hardware:iPhone10,1, software:11.2.1>","FlightsClimbed","count",2018-01-03 17:11:22 +0100,2018-01-03 16:28:15 +0100,2018-01-03 16:28:15 +0100,1
"iPhone","11.2.1","<<HKDevice: 0x2837544b0>, name:iPhone, manufacturer:Apple, model:iPhone, hardware:iPhone10,1, software:11.2.1>","FlightsClimbed","count",2018-01-03 17:11:22 +0100,2018-01-03 16:33:04 +0100,2018-01-03 16:33:04 +0100,1
"iPhone","11.2.1","<<HKDevice: 0x2837544b0>, name:iPhone, manufacturer:Apple, model:iPhone, hardware:iPhone10,1, software:11.2.1>","FlightsClimbed","count",2018-01-03 17:11:22 +0100,2018-01-03 16:33:17 +0100,2018-01-03 16:33:17 +0100,1
"iPhone","11.2.1","<<HKDevice: 0x2837544b0>, name:iPhone, manufacturer:Apple, model:iPhone, hardware:iPhone10,1, software:11.2.1>","FlightsClimbed","count",2018-01-03 17:11:22 +0100,2018-01-03 16:33:27 +0100,2018-01-03 16:33:27 +0100,1
"iPhone","11.2.1","<<HKDevice: 0x2837544b0>, name:iPhone, manufacturer:Apple, model:iPhone, hardware:iPhone10,1, software:11.2.1>","FlightsClimbed","count",2018-01-03 17:11:22 +0100,2018-01-03 16:33:42 +0100,2018-01-03 16:33:42 +0100,1
"iPhone","11.2.1","<<HKDevice: 0x2837544b0>, name:iPhone, manufacturer:Apple, model:iPhone, hardware:iPhone10,1, software:11.2.1>","FlightsClimbed","count",2018-01-04 10:14:56 +0100,2018-01-04 09:30:00 +0100,2018-01-04 09:30:00 +0100,1
"iPhone","11.2.1","<<HKDevice: 0x2837544b0>, name:iPhone, manufacturer:Apple, model:iPhone, hardware:iPhone10,1, software:11.2.1>","FlightsClimbed","count",2018-01-04 10:14:56 +0100,2018-01-04 09:30:31 +0100,2018-01-04 09:30:31 +0100,1
"iPhone","11.2.1","<<HKDevice: 0x2837544b0>, name:iPhone, manufacturer:Apple, model:iPhone, hardware:iPhone10,1, software:11.2.1>","FlightsClimbed","count",2018-01-04 10:14:56 +0100,2018-01-04 09:30:51 +0100,2018-01-04 09:30:51 +0100,1
"iPhone","11.2.1","<<HKDevice: 0x2837544b0>, name:iPhone, manufacturer:Apple, model:iPhone, hardware:iPhone10,1, software:11.2.1>","FlightsClimbed","count",2018-01-04 10:14:56 +0100,2018-01-04 09:31:09 +0100,2018-01-04 09:31:09 +0100,1
"iPhone","11.2.1","<<HKDevice: 0x2837544b0>, name:iPhone, manufacturer:Apple, model:iPhone, hardware:iPhone10,1, software:11.2.1>","FlightsClimbed","count",2018-01-04 12:00:18 +0100,2018-01-04 11:46:41 +0100,2018-01-04 11:46:41 +0100,1
"iPhone","11.2.1","<<HKDevice: 0x2837544b0>, name:iPhone, manufacturer:Apple, model:iPhone, hardware:iPhone10,1, software:11.2.1>","FlightsClimbed","count",2018-01-04 12:00:18 +0100,2018-01-04 11:49:30 +0100,2018-01-04 11:49:30 +0100,1
"iPhone","11.2.1","<<HKDevice: 0x2837544b0>, name:iPhone, manufacturer:Apple, model:iPhone, hardware:iPhone10,1, software:11.2.1>","FlightsClimbed","count",2018-01-04 13:01:04 +0100,2018-01-04 12:02:49 +0100,2018-01-04 12:02:49 +0100,1
"iPhone","11.2.1","<<HKDevice: 0x2837544b0>, name:iPhone, manufacturer:Apple, model:iPhone, hardware:iPhone10,1, software:11.2.1>","FlightsClimbed","count",2018-01-04 13:01:04 +0100,2018-01-04 12:03:20 +0100,2018-01-04 12:03:20 +0100,1
"iPhone","11.2.1","<<HKDevice: 0x2837544b0>, name:iPhone, manufacturer:Apple, model:iPhone, hardware:iPhone10,1, software:11.2.1>","FlightsClimbed","count",2018-01-04 13:01:04 +0100,2018-01-04 12:03:43 +0100,2018-01-04 12:03:43 +0100,1
"iPhone","11.2.1","<<HKDevice: 0x2837544b0>, name:iPhone, manufacturer:Apple, model:iPhone, hardware:iPhone10,1, software:11.2.1>","FlightsClimbed","count",2018-01-04 13:57:57 +0100,2018-01-04 13:45:24 +0100,2018-01-04 13:45:24 +0100,1
"iPhone","11.2.1","<<HKDevice: 0x2837544b0>, name:iPhone, manufacturer:Apple, model:iPhone, hardware:iPhone10,1, software:11.2.1>","FlightsClimbed","count",2018-01-04 18:57:45 +0100,2018-01-04 18:13:16 +0100,2018-01-04 18:13:16 +0100,1
"iPhone","11.2.1","<<HKDevice: 0x2837544b0>, name:iPhone, manufacturer:Apple, model:iPhone, hardware:iPhone10,1, software:11.2.1>","FlightsClimbed","count",2018-01-04 18:57:45 +0100,2018-01-04 18:17:35 +0100,2018-01-04 18:17:35 +0100,1
"iPhone","11.2.1","<<HKDevice: 0x2837544b0>, name:iPhone, manufacturer:Apple, model:iPhone, hardware:iPhone10,1, software:11.2.1>","FlightsClimbed","count",2018-01-04 18:57:45 +0100,2018-01-04 18:17:48 +0100,2018-01-04 18:17:48 +0100,1
"iPhone","11.2.1","<<HKDevice: 0x2837544b0>, name:iPhone, manufacturer:Apple, model:iPhone, hardware:iPhone10,1, software:11.2.1>","FlightsClimbed","count",2018-01-04 18:57:45 +0100,2018-01-04 18:18:00 +0100,2018-01-04 18:18:00 +0100,1
"iPhone","11.2.1","<<HKDevice: 0x2837544b0>, name:iPhone, manufacturer:Apple, model:iPhone, hardware:iPhone10,1, software:11.2.1>","FlightsClimbed","count",2018-01-04 19:58:38 +0100,2018-01-04 19:10:32 +0100,2018-01-04 19:10:32 +0100,1
"iPhone","11.2.1","<<HKDevice: 0x2837544b0>, name:iPhone, manufacturer:Apple, model:iPhone, hardware:iPhone10,1, software:11.2.1>","FlightsClimbed","count",2018-01-04 19:58:38 +0100,2018-01-04 19:10:45 +0100,2018-01-04 19:10:45 +0100,1
"iPhone","11.2.1","<<HKDevice: 0x2837544b0>, name:iPhone, manufacturer:Apple, model:iPhone, hardware:iPhone10,1, software:11.2.1>","FlightsClimbed","count",2018-01-05 10:50:11 +0100,2018-01-05 09:02:49 +0100,2018-01-05 09:02:49 +0100,1
"iPhone","11.2.1","<<HKDevice: 0x2837544b0>, name:iPhone, manufacturer:Apple, model:iPhone, hardware:iPhone10,1, software:11.2.1>","FlightsClimbed","count",2018-01-05 10:50:11 +0100,2018-01-05 09:03:04 +0100,2018-01-05 09:03:04 +0100,1
"iPhone","11.2.1","<<HKDevice: 0x2837544b0>, name:iPhone, manufacturer:Apple, model:iPhone, hardware:iPhone10,1, software:11.2.1>","FlightsClimbed","count",2018-01-05 10:50:11 +0100,2018-01-05 10:11:28 +0100,2018-01-05 10:11:28 +0100,1
"iPhone","11.2.1","<<HKDevice: 0x2837544b0>, name:iPhone, manufacturer:Apple, model:iPhone, hardware:iPhone10,1, software:11.2.1>","FlightsClimbed","count",2018-01-05 10:50:11 +0100,2018-01-05 10:37:53 +0100,2018-01-05 10:37:53 +0100,1
"iPhone","11.2.1","<<HKDevice: 0x2837544b0>, name:iPhone, manufacturer:Apple, model:iPhone, hardware:iPhone10,1, software:11.2.1>","FlightsClimbed","count",2018-01-05 11:28:38 +0100,2018-01-05 10:54:44 +0100,2018-01-05 10:54:44 +0100,1
"iPhone","11.2.1","<<HKDevice: 0x2837544b0>, name:iPhone, manufacturer:Apple, model:iPhone, hardware:iPhone10,1, software:11.2.1>","FlightsClimbed","count",2018-01-05 11:28:38 +0100,2018-01-05 10:55:13 +0100,2018-01-05 10:55:13 +0100,1
"iPhone","11.2.1","<<HKDevice: 0x2837544b0>, name:iPhone, manufacturer:Apple, model:iPhone, hardware:iPhone10,1, software:11.2.1>","FlightsClimbed","count",2018-01-05 11:28:38 +0100,2018-01-05 10:55:36 +0100,2018-01-05 10:55:36 +0100,1
"iPhone","11.2.1","<<HKDevice: 0x2837544b0>, name:iPhone, manufacturer:Apple, model:iPhone, hardware:iPhone10,1, software:11.2.1>","FlightsClimbed","count",2018-01-05 14:04:31 +0100,2018-01-05 13:12:41 +0100,2018-01-05 13:12:41 +0100,1
"iPhone","11.2.1","<<HKDevice: 0x2837544b0>, name:iPhone, manufacturer:Apple, model:iPhone, hardware:iPhone10,1, software:11.2.1>","FlightsClimbed","count",2018-01-05 17:00:28 +0100,2018-01-05 16:10:02 +0100,2018-01-05 16:10:02 +0100,1
"iPhone","11.2.1","<<HKDevice: 0x2837544b0>, name:iPhone, manufacturer:Apple, model:iPhone, hardware:iPhone10,1, software:11.2.1>","FlightsClimbed","count",2018-01-05 17:00:28 +0100,2018-01-05 16:11:24 +0100,2018-01-05 16:11:24 +0100,1
"iPhone","11.2.1","<<HKDevice: 0x2837544b0>, name:iPhone, manufacturer:Apple, model:iPhone, hardware:iPhone10,1, software:11.2.1>","FlightsClimbed","count",2018-01-05 17:00:28 +0100,2018-01-05 16:16:29 +0100,2018-01-05 16:16:29 +0100,1
"iPhone","11.2.1","<<HKDevice: 0x2837544b0>, name:iPhone, manufacturer:Apple, model:iPhone, hardware:iPhone10,1, software:11.2.1>","FlightsClimbed","count",2018-01-05 17:00:28 +0100,2018-01-05 16:16:42 +0100,2018-01-05 16:16:42 +0100,1
"iPhone","11.2.1","<<HKDevice: 0x2837544b0>, name:iPhone, manufacturer:Apple, model:iPhone, hardware:iPhone10,1, software:11.2.1>","FlightsClimbed","count",2018-01-05 17:00:28 +0100,2018-01-05 16:30:13 +0100,2018-01-05 16:30:13 +0100,1
"iPhone","11.2.1","<<HKDevice: 0x2837544b0>, name:iPhone, manufacturer:Apple, model:iPhone, hardware:iPhone10,1, software:11.2.1>","FlightsClimbed","count",2018-01-05 17:00:28 +0100,2018-01-05 16:30:26 +0100,2018-01-05 16:30:26 +0100,1
"iPhone","11.2.1","<<HKDevice: 0x2837544b0>, name:iPhone, manufacturer:Apple, model:iPhone, hardware:iPhone10,1, software:11.2.1>","FlightsClimbed","count",2018-01-05 17:00:28 +0100,2018-01-05 16:30:39 +0100,2018-01-05 16:30:39 +0100,1
"iPhone","11.2.1","<<HKDevice: 0x2837544b0>, name:iPhone, manufacturer:Apple, model:iPhone, hardware:iPhone10,1, software:11.2.1>","FlightsClimbed","count",2018-01-05 17:00:28 +0100,2018-01-05 16:30:52 +0100,2018-01-05 16:30:52 +0100,1
"iPhone","11.2.1","<<HKDevice: 0x2837544b0>, name:iPhone, manufacturer:Apple, model:iPhone, hardware:iPhone10,1, software:11.2.1>","FlightsClimbed","count",2018-01-05 17:00:28 +0100,2018-01-05 16:31:05 +0100,2018-01-05 16:31:05 +0100,1
"iPhone","11.2.1","<<HKDevice: 0x2837544b0>, name:iPhone, manufacturer:Apple, model:iPhone, hardware:iPhone10,1, software:11.2.1>","FlightsClimbed","count",2018-01-05 17:00:28 +0100,2018-01-05 16:31:15 +0100,2018-01-05 16:31:15 +0100,1
"iPhone","11.2.1","<<HKDevice: 0x2837544b0>, name:iPhone, manufacturer:Apple, model:iPhone, hardware:iPhone10,1, software:11.2.1>","FlightsClimbed","count",2018-01-05 17:00:28 +0100,2018-01-05 16:31:22 +0100,2018-01-05 16:31:22 +0100,1
"iPhone","11.2.1","<<HKDevice: 0x2837544b0>, name:iPhone, manufacturer:Apple, model:iPhone, hardware:iPhone10,1, software:11.2.1>","FlightsClimbed","count",2018-01-05 17:00:28 +0100,2018-01-05 16:31:33 +0100,2018-01-05 16:31:33 +0100,1
"iPhone","11.2.1","<<HKDevice: 0x2837544b0>, name:iPhone, manufacturer:Apple, model:iPhone, hardware:iPhone10,1, software:11.2.1>","FlightsClimbed","count",2018-01-05 17:00:28 +0100,2018-01-05 16:31:46 +0100,2018-01-05 16:31:46 +0100,1
"iPhone","11.2.1","<<HKDevice: 0x2837544b0>, name:iPhone, manufacturer:Apple, model:iPhone, hardware:iPhone10,1, software:11.2.1>","FlightsClimbed","count",2018-01-05 17:00:28 +0100,2018-01-05 16:32:01 +0100,2018-01-05 16:32:01 +0100,1
"iPhone","11.2.1","<<HKDevice: 0x2837544b0>, name:iPhone, manufacturer:Apple, model:iPhone, hardware:iPhone10,1, software:11.2.1>","FlightsClimbed","count",2018-01-05 17:00:28 +0100,2018-01-05 16:32:16 +0100,2018-01-05 16:32:16 +0100,1
"iPhone","11.2.1","<<HKDevice: 0x2837544b0>, name:iPhone, manufacturer:Apple, model:iPhone, hardware:iPhone10,1, software:11.2.1>","FlightsClimbed","count",2018-01-05 17:00:28 +0100,2018-01-05 16:32:32 +0100,2018-01-05 16:32:32 +0100,1
"iPhone","11.2.1","<<HKDevice: 0x2837544b0>, name:iPhone, manufacturer:Apple, model:iPhone, hardware:iPhone10,1, software:11.2.1>","FlightsClimbed","count",2018-01-05 17:00:28 +0100,2018-01-05 16:33:59 +0100,2018-01-05 16:33:59 +0100,1
"iPhone","11.2.1","<<HKDevice: 0x2837544b0>, name:iPhone, manufacturer:Apple, model:iPhone, hardware:iPhone10,1, software:11.2.1>","FlightsClimbed","count",2018-01-05 17:00:28 +0100,2018-01-05 16:34:11 +0100,2018-01-05 16:34:11 +0100,1
"iPhone","11.2.1","<<HKDevice: 0x2837544b0>, name:iPhone, manufacturer:Apple, model:iPhone, hardware:iPhone10,1, software:11.2.1>","FlightsClimbed","count",2018-01-05 17:00:28 +0100,2018-01-05 16:34:27 +0100,2018-01-05 16:34:27 +0100,1
"iPhone","11.2.1","<<HKDevice: 0x2837544b0>, name:iPhone, manufacturer:Apple, model:iPhone, hardware:iPhone10,1, software:11.2.1>","FlightsClimbed","count",2018-01-05 17:00:28 +0100,2018-01-05 16:34:50 +0100,2018-01-05 16:34:50 +0100,1
"iPhone","11.2.1","<<HKDevice: 0x2837544b0>, name:iPhone, manufacturer:Apple, model:iPhone, hardware:iPhone10,1, software:11.2.1>","FlightsClimbed","count",2018-01-05 17:00:28 +0100,2018-01-05 16:35:13 +0100,2018-01-05 16:35:13 +0100,1
"iPhone","11.2.1","<<HKDevice: 0x2837544b0>, name:iPhone, manufacturer:Apple, model:iPhone, hardware:iPhone10,1, software:11.2.1>","FlightsClimbed","count",2018-01-05 17:00:28 +0100,2018-01-05 16:35:31 +0100,2018-01-05 16:35:31 +0100,1
"iPhone","11.2.1","<<HKDevice: 0x2837544b0>, name:iPhone, manufacturer:Apple, model:iPhone, hardware:iPhone10,1, software:11.2.1>","FlightsClimbed","count",2018-01-05 17:00:28 +0100,2018-01-05 16:36:32 +0100,2018-01-05 16:36:32 +0100,1
"iPhone","11.2.1","<<HKDevice: 0x2837544b0>, name:iPhone, manufacturer:Apple, model:iPhone, hardware:iPhone10,1, software:11.2.1>","FlightsClimbed","count",2018-01-05 17:00:28 +0100,2018-01-05 16:36:45 +0100,2018-01-05 16:36:45 +0100,1
"iPhone","11.2.1","<<HKDevice: 0x2837544b0>, name:iPhone, manufacturer:Apple, model:iPhone, hardware:iPhone10,1, software:11.2.1>","FlightsClimbed","count",2018-01-05 17:00:28 +0100,2018-01-05 16:37:00 +0100,2018-01-05 16:37:00 +0100,1
"iPhone","11.2.1","<<HKDevice: 0x2837544b0>, name:iPhone, manufacturer:Apple, model:iPhone, hardware:iPhone10,1, software:11.2.1>","FlightsClimbed","count",2018-01-05 17:00:28 +0100,2018-01-05 16:37:16 +0100,2018-01-05 16:37:16 +0100,1
"iPhone","11.2.1","<<HKDevice: 0x2837544b0>, name:iPhone, manufacturer:Apple, model:iPhone, hardware:iPhone10,1, software:11.2.1>","FlightsClimbed","count",2018-01-05 17:00:28 +0100,2018-01-05 16:40:13 +0100,2018-01-05 16:40:13 +0100,1
"iPhone","11.2.1","<<HKDevice: 0x2837544b0>, name:iPhone, manufacturer:Apple, model:iPhone, hardware:iPhone10,1, software:11.2.1>","FlightsClimbed","count",2018-01-05 17:00:28 +0100,2018-01-05 16:40:28 +0100,2018-01-05 16:40:28 +0100,1
"iPhone","11.2.1","<<HKDevice: 0x2837544b0>, name:iPhone, manufacturer:Apple, model:iPhone, hardware:iPhone10,1, software:11.2.1>","FlightsClimbed","count",2018-01-05 17:00:28 +0100,2018-01-05 16:40:48 +0100,2018-01-05 16:40:48 +0100,1
"iPhone","11.2.1","<<HKDevice: 0x2837544b0>, name:iPhone, manufacturer:Apple, model:iPhone, hardware:iPhone10,1, software:11.2.1>","FlightsClimbed","count",2018-01-05 17:00:28 +0100,2018-01-05 16:41:06 +0100,2018-01-05 16:41:06 +0100,1
"iPhone","11.2.1","<<HKDevice: 0x2837544b0>, name:iPhone, manufacturer:Apple, model:iPhone, hardware:iPhone10,1, software:11.2.1>","FlightsClimbed","count",2018-01-05 17:00:28 +0100,2018-01-05 16:41:24 +0100,2018-01-05 16:41:24 +0100,1
"iPhone","11.2.1","<<HKDevice: 0x2837544b0>, name:iPhone, manufacturer:Apple, model:iPhone, hardware:iPhone10,1, software:11.2.1>","FlightsClimbed","count",2018-01-05 17:00:28 +0100,2018-01-05 16:42:05 +0100,2018-01-05 16:42:05 +0100,1
"iPhone","11.2.1","<<HKDevice: 0x2837544b0>, name:iPhone, manufacturer:Apple, model:iPhone, hardware:iPhone10,1, software:11.2.1>","FlightsClimbed","count",2018-01-05 17:00:28 +0100,2018-01-05 16:42:21 +0100,2018-01-05 16:42:21 +0100,1
"iPhone","11.2.1","<<HKDevice: 0x2837544b0>, name:iPhone, manufacturer:Apple, model:iPhone, hardware:iPhone10,1, software:11.2.1>","FlightsClimbed","count",2018-01-05 17:00:28 +0100,2018-01-05 16:42:36 +0100,2018-01-05 16:42:36 +0100,1
"iPhone","11.2.1","<<HKDevice: 0x2837544b0>, name:iPhone, manufacturer:Apple, model:iPhone, hardware:iPhone10,1, software:11.2.1>","FlightsClimbed","count",2018-01-05 17:00:28 +0100,2018-01-05 16:47:05 +0100,2018-01-05 16:47:05 +0100,1
"iPhone","11.2.1","<<HKDevice: 0x2837544b0>, name:iPhone, manufacturer:Apple, model:iPhone, hardware:iPhone10,1, software:11.2.1>","FlightsClimbed","count",2018-01-05 17:00:28 +0100,2018-01-05 16:47:15 +0100,2018-01-05 16:47:15 +0100,1
"iPhone","11.2.1","<<HKDevice: 0x2837544b0>, name:iPhone, manufacturer:Apple, model:iPhone, hardware:iPhone10,1, software:11.2.1>","FlightsClimbed","count",2018-01-05 17:00:28 +0100,2018-01-05 16:47:25 +0100,2018-01-05 16:47:25 +0100,1
"iPhone","11.2.1","<<HKDevice: 0x2837544b0>, name:iPhone, manufacturer:Apple, model:iPhone, hardware:iPhone10,1, software:11.2.1>","FlightsClimbed","count",2018-01-05 17:00:28 +0100,2018-01-05 16:47:41 +0100,2018-01-05 16:47:41 +0100,1
"iPhone","11.2.1","<<HKDevice: 0x2837544b0>, name:iPhone, manufacturer:Apple, model:iPhone, hardware:iPhone10,1, software:11.2.1>","FlightsClimbed","count",2018-01-05 17:00:28 +0100,2018-01-05 16:54:07 +0100,2018-01-05 16:54:07 +0100,1
"iPhone","11.2.1","<<HKDevice: 0x2837544b0>, name:iPhone, manufacturer:Apple, model:iPhone, hardware:iPhone10,1, software:11.2.1>","FlightsClimbed","count",2018-01-05 17:00:28 +0100,2018-01-05 16:54:36 +0100,2018-01-05 16:54:36 +0100,1
"iPhone","11.2.1","<<HKDevice: 0x2837544b0>, name:iPhone, manufacturer:Apple, model:iPhone, hardware:iPhone10,1, software:11.2.1>","FlightsClimbed","count",2018-01-05 20:01:13 +0100,2018-01-05 19:34:29 +0100,2018-01-05 19:34:29 +0100,1
"iPhone","11.2.1","<<HKDevice: 0x2837544b0>, name:iPhone, manufacturer:Apple, model:iPhone, hardware:iPhone10,1, software:11.2.1>","FlightsClimbed","count",2018-01-05 20:01:13 +0100,2018-01-05 19:45:19 +0100,2018-01-05 19:45:19 +0100,1
"iPhone","11.2.1","<<HKDevice: 0x2837544b0>, name:iPhone, manufacturer:Apple, model:iPhone, hardware:iPhone10,1, software:11.2.1>","FlightsClimbed","count",2018-01-05 20:01:13 +0100,2018-01-05 19:45:30 +0100,2018-01-05 19:45:30 +0100,1
"iPhone","11.2.1","<<HKDevice: 0x2837544b0>, name:iPhone, manufacturer:Apple, model:iPhone, hardware:iPhone10,1, software:11.2.1>","FlightsClimbed","count",2018-01-05 20:01:13 +0100,2018-01-05 19:45:45 +0100,2018-01-05 19:45:45 +0100,1
"iPhone","11.2.1","<<HKDevice: 0x2837544b0>, name:iPhone, manufacturer:Apple, model:iPhone, hardware:iPhone10,1, software:11.2.1>","FlightsClimbed","count",2018-01-06 11:31:52 +0100,2018-01-06 10:55:07 +0100,2018-01-06 10:55:07 +0100,1
"iPhone","11.2.1","<<HKDevice: 0x2837544b0>, name:iPhone, manufacturer:Apple, model:iPhone, hardware:iPhone10,1, software:11.2.1>","FlightsClimbed","count",2018-01-06 11:31:52 +0100,2018-01-06 10:55:30 +0100,2018-01-06 10:55:30 +0100,1
"iPhone","11.2.1","<<HKDevice: 0x2837544b0>, name:iPhone, manufacturer:Apple, model:iPhone, hardware:iPhone10,1, software:11.2.1>","FlightsClimbed","count",2018-01-06 11:31:52 +0100,2018-01-06 10:55:56 +0100,2018-01-06 10:55:56 +0100,1
"iPhone","11.2.1","<<HKDevice: 0x2837544b0>, name:iPhone, manufacturer:Apple, model:iPhone, hardware:iPhone10,1, software:11.2.1>","FlightsClimbed","count",2018-01-06 11:31:52 +0100,2018-01-06 11:08:06 +0100,2018-01-06 11:08:06 +0100,1
"iPhone","11.2.1","<<HKDevice: 0x2837544b0>, name:iPhone, manufacturer:Apple, model:iPhone, hardware:iPhone10,1, software:11.2.1>","FlightsClimbed","count",2018-01-06 11:31:52 +0100,2018-01-06 11:09:30 +0100,2018-01-06 11:09:30 +0100,1
"iPhone","11.2.1","<<HKDevice: 0x2837544b0>, name:iPhone, manufacturer:Apple, model:iPhone, hardware:iPhone10,1, software:11.2.1>","FlightsClimbed","count",2018-01-06 11:31:52 +0100,2018-01-06 11:09:43 +0100,2018-01-06 11:09:43 +0100,1
"iPhone","11.2.1","<<HKDevice: 0x2837544b0>, name:iPhone, manufacturer:Apple, model:iPhone, hardware:iPhone10,1, software:11.2.1>","FlightsClimbed","count",2018-01-06 11:31:52 +0100,2018-01-06 11:09:56 +0100,2018-01-06 11:09:56 +0100,1
"iPhone","11.2.1","<<HKDevice: 0x2837544b0>, name:iPhone, manufacturer:Apple, model:iPhone, hardware:iPhone10,1, software:11.2.1>","FlightsClimbed","count",2018-01-06 16:59:53 +0100,2018-01-06 16:37:48 +0100,2018-01-06 16:37:48 +0100,1
"iPhone","11.2.1","<<HKDevice: 0x2837544b0>, name:iPhone, manufacturer:Apple, model:iPhone, hardware:iPhone10,1, software:11.2.1>","FlightsClimbed","count",2018-01-06 16:59:53 +0100,2018-01-06 16:37:55 +0100,2018-01-06 16:37:55 +0100,1
"iPhone","11.2.1","<<HKDevice: 0x2837544b0>, name:iPhone, manufacturer:Apple, model:iPhone, hardware:iPhone10,1, software:11.2.1>","FlightsClimbed","count",2018-01-06 16:59:53 +0100,2018-01-06 16:38:08 +0100,2018-01-06 16:38:08 +0100,1
"iPhone","11.2.1","<<HKDevice: 0x2837544b0>, name:iPhone, manufacturer:Apple, model:iPhone, hardware:iPhone10,1, software:11.2.1>","FlightsClimbed","count",2018-01-06 16:59:53 +0100,2018-01-06 16:38:18 +0100,2018-01-06 16:38:18 +0100,1
"iPhone","11.2.1","<<HKDevice: 0x2837544b0>, name:iPhone, manufacturer:Apple, model:iPhone, hardware:iPhone10,1, software:11.2.1>","FlightsClimbed","count",2018-01-06 18:13:44 +0100,2018-01-06 17:44:53 +0100,2018-01-06 17:44:53 +0100,1
"iPhone","11.2.1","<<HKDevice: 0x2837544b0>, name:iPhone, manufacturer:Apple, model:iPhone, hardware:iPhone10,1, software:11.2.1>","FlightsClimbed","count",2018-01-06 18:57:36 +0100,2018-01-06 18:42:53 +0100,2018-01-06 18:42:53 +0100,1
"iPhone","11.2.1","<<HKDevice: 0x2837544b0>, name:iPhone, manufacturer:Apple, model:iPhone, hardware:iPhone10,1, software:11.2.1>","FlightsClimbed","count",2018-01-06 20:57:56 +0100,2018-01-06 19:22:24 +0100,2018-01-06 19:22:24 +0100,1
"iPhone","11.2.1","<<HKDevice: 0x2837544b0>, name:iPhone, manufacturer:Apple, model:iPhone, hardware:iPhone10,1, software:11.2.1>","FlightsClimbed","count",2018-01-07 04:03:29 +0100,2018-01-07 03:46:47 +0100,2018-01-07 03:46:47 +0100,1
"iPhone","11.2.1","<<HKDevice: 0x2837544b0>, name:iPhone, manufacturer:Apple, model:iPhone, hardware:iPhone10,1, software:11.2.1>","FlightsClimbed","count",2018-01-07 04:03:29 +0100,2018-01-07 03:53:11 +0100,2018-01-07 03:53:11 +0100,1
"iPhone","11.2.1","<<HKDevice: 0x2837544b0>, name:iPhone, manufacturer:Apple, model:iPhone, hardware:iPhone10,1, software:11.2.1>","FlightsClimbed","count",2018-01-07 10:30:29 +0100,2018-01-07 10:12:31 +0100,2018-01-07 10:12:31 +0100,1
"iPhone","11.2.1","<<HKDevice: 0x2837544b0>, name:iPhone, manufacturer:Apple, model:iPhone, hardware:iPhone10,1, software:11.2.1>","FlightsClimbed","count",2018-01-07 11:47:21 +0100,2018-01-07 10:43:36 +0100,2018-01-07 10:43:36 +0100,1
"iPhone","11.2.1","<<HKDevice: 0x2837544b0>, name:iPhone, manufacturer:Apple, model:iPhone, hardware:iPhone10,1, software:11.2.1>","FlightsClimbed","count",2018-01-07 11:47:21 +0100,2018-01-07 10:43:49 +0100,2018-01-07 10:43:49 +0100,1
"iPhone","11.2.1","<<HKDevice: 0x2837544b0>, name:iPhone, manufacturer:Apple, model:iPhone, hardware:iPhone10,1, software:11.2.1>","FlightsClimbed","count",2018-01-07 12:46:16 +0100,2018-01-07 11:53:19 +0100,2018-01-07 11:53:19 +0100,1
"iPhone","11.2.1","<<HKDevice: 0x2837544b0>, name:iPhone, manufacturer:Apple, model:iPhone, hardware:iPhone10,1, software:11.2.1>","FlightsClimbed","count",2018-01-07 12:46:16 +0100,2018-01-07 11:53:47 +0100,2018-01-07 11:53:47 +0100,1
"iPhone","11.2.1","<<HKDevice: 0x2837544b0>, name:iPhone, manufacturer:Apple, model:iPhone, hardware:iPhone10,1, software:11.2.1>","FlightsClimbed","count",2018-01-07 12:46:16 +0100,2018-01-07 11:54:05 +0100,2018-01-07 11:54:05 +0100,1
"iPhone","11.2.1","<<HKDevice: 0x2837544b0>, name:iPhone, manufacturer:Apple, model:iPhone, hardware:iPhone10,1, software:11.2.1>","FlightsClimbed","count",2018-01-07 12:46:16 +0100,2018-01-07 11:54:16 +0100,2018-01-07 11:54:16 +0100,1
"iPhone","11.2.1","<<HKDevice: 0x2837544b0>, name:iPhone, manufacturer:Apple, model:iPhone, hardware:iPhone10,1, software:11.2.1>","FlightsClimbed","count",2018-01-07 16:39:44 +0100,2018-01-07 15:55:10 +0100,2018-01-07 15:55:10 +0100,1
"iPhone","11.2.1","<<HKDevice: 0x2837544b0>, name:iPhone, manufacturer:Apple, model:iPhone, hardware:iPhone10,1, software:11.2.1>","FlightsClimbed","count",2018-01-07 16:39:44 +0100,2018-01-07 16:02:56 +0100,2018-01-07 16:02:56 +0100,1
"iPhone","11.2.1","<<HKDevice: 0x2837544b0>, name:iPhone, manufacturer:Apple, model:iPhone, hardware:iPhone10,1, software:11.2.1>","FlightsClimbed","count",2018-01-07 16:39:44 +0100,2018-01-07 16:04:33 +0100,2018-01-07 16:04:33 +0100,1
"iPhone","11.2.1","<<HKDevice: 0x2837544b0>, name:iPhone, manufacturer:Apple, model:iPhone, hardware:iPhone10,1, software:11.2.1>","FlightsClimbed","count",2018-01-07 16:39:44 +0100,2018-01-07 16:04:49 +0100,2018-01-07 16:04:49 +0100,1
"iPhone","11.2.1","<<HKDevice: 0x2837544b0>, name:iPhone, manufacturer:Apple, model:iPhone, hardware:iPhone10,1, software:11.2.1>","FlightsClimbed","count",2018-01-07 16:39:44 +0100,2018-01-07 16:05:07 +0100,2018-01-07 16:05:07 +0100,1
"iPhone","11.2.1","<<HKDevice: 0x2837544b0>, name:iPhone, manufacturer:Apple, model:iPhone, hardware:iPhone10,1, software:11.2.1>","FlightsClimbed","count",2018-01-07 21:36:56 +0100,2018-01-07 20:16:45 +0100,2018-01-07 20:16:45 +0100,1
"iPhone","11.2.1","<<HKDevice: 0x2837544b0>, name:iPhone, manufacturer:Apple, model:iPhone, hardware:iPhone10,1, software:11.2.1>","FlightsClimbed","count",2018-01-07 21:36:56 +0100,2018-01-07 20:17:05 +0100,2018-01-07 20:17:05 +0100,1
"iPhone","11.2.1","<<HKDevice: 0x2837544b0>, name:iPhone, manufacturer:Apple, model:iPhone, hardware:iPhone10,1, software:11.2.1>","FlightsClimbed","count",2018-01-07 21:36:56 +0100,2018-01-07 20:17:23 +0100,2018-01-07 20:17:23 +0100,1
"iPhone","11.2.1","<<HKDevice: 0x2837544b0>, name:iPhone, manufacturer:Apple, model:iPhone, hardware:iPhone10,1, software:11.2.1>","FlightsClimbed","count",2018-01-07 21:36:56 +0100,2018-01-07 20:27:53 +0100,2018-01-07 20:27:53 +0100,1
"iPhone","11.2.1","<<HKDevice: 0x2837544b0>, name:iPhone, manufacturer:Apple, model:iPhone, hardware:iPhone10,1, software:11.2.1>","FlightsClimbed","count",2018-01-07 21:36:56 +0100,2018-01-07 20:29:07 +0100,2018-01-07 20:29:07 +0100,1
"iPhone","11.2.1","<<HKDevice: 0x2837544b0>, name:iPhone, manufacturer:Apple, model:iPhone, hardware:iPhone10,1, software:11.2.1>","FlightsClimbed","count",2018-01-07 21:36:56 +0100,2018-01-07 20:29:25 +0100,2018-01-07 20:29:25 +0100,1
"iPhone","11.2.1","<<HKDevice: 0x2837544b0>, name:iPhone, manufacturer:Apple, model:iPhone, hardware:iPhone10,1, software:11.2.1>","FlightsClimbed","count",2018-01-07 21:36:56 +0100,2018-01-07 20:29:36 +0100,2018-01-07 20:29:36 +0100,1
"iPhone","11.2.1","<<HKDevice: 0x2837544b0>, name:iPhone, manufacturer:Apple, model:iPhone, hardware:iPhone10,1, software:11.2.1>","FlightsClimbed","count",2018-01-08 04:15:33 +0100,2018-01-07 23:34:57 +0100,2018-01-07 23:34:57 +0100,1
"iPhone","11.2.1","<<HKDevice: 0x2837544b0>, name:iPhone, manufacturer:Apple, model:iPhone, hardware:iPhone10,1, software:11.2.1>","FlightsClimbed","count",2018-01-08 10:20:58 +0100,2018-01-08 09:02:27 +0100,2018-01-08 09:02:27 +0100,1
"iPhone","11.2.1","<<HKDevice: 0x2837544b0>, name:iPhone, manufacturer:Apple, model:iPhone, hardware:iPhone10,1, software:11.2.1>","FlightsClimbed","count",2018-01-08 10:20:58 +0100,2018-01-08 09:02:48 +0100,2018-01-08 09:02:48 +0100,1
"iPhone","11.2.1","<<HKDevice: 0x2837544b0>, name:iPhone, manufacturer:Apple, model:iPhone, hardware:iPhone10,1, software:11.2.1>","FlightsClimbed","count",2018-01-08 10:20:58 +0100,2018-01-08 09:03:11 +0100,2018-01-08 09:03:11 +0100,1
"iPhone","11.2.1","<<HKDevice: 0x2837544b0>, name:iPhone, manufacturer:Apple, model:iPhone, hardware:iPhone10,1, software:11.2.1>","FlightsClimbed","count",2018-01-08 10:20:58 +0100,2018-01-08 09:03:24 +0100,2018-01-08 09:03:24 +0100,1
"iPhone","11.2.1","<<HKDevice: 0x2837544b0>, name:iPhone, manufacturer:Apple, model:iPhone, hardware:iPhone10,1, software:11.2.1>","FlightsClimbed","count",2018-01-08 10:20:58 +0100,2018-01-08 09:06:51 +0100,2018-01-08 09:06:51 +0100,1
"iPhone","11.2.1","<<HKDevice: 0x2837544b0>, name:iPhone, manufacturer:Apple, model:iPhone, hardware:iPhone10,1, software:11.2.1>","FlightsClimbed","count",2018-01-08 10:20:58 +0100,2018-01-08 09:07:09 +0100,2018-01-08 09:07:09 +0100,1
"iPhone","11.2.1","<<HKDevice: 0x2837544b0>, name:iPhone, manufacturer:Apple, model:iPhone, hardware:iPhone10,1, software:11.2.1>","FlightsClimbed","count",2018-01-08 10:20:58 +0100,2018-01-08 10:10:25 +0100,2018-01-08 10:10:25 +0100,1
"iPhone","11.2.1","<<HKDevice: 0x2837544b0>, name:iPhone, manufacturer:Apple, model:iPhone, hardware:iPhone10,1, software:11.2.1>","FlightsClimbed","count",2018-01-08 10:20:58 +0100,2018-01-08 10:15:01 +0100,2018-01-08 10:15:01 +0100,1
"iPhone","11.2.1","<<HKDevice: 0x2837544b0>, name:iPhone, manufacturer:Apple, model:iPhone, hardware:iPhone10,1, software:11.2.1>","FlightsClimbed","count",2018-01-08 10:20:58 +0100,2018-01-08 10:16:08 +0100,2018-01-08 10:16:08 +0100,1
"iPhone","11.2.1","<<HKDevice: 0x2837544b0>, name:iPhone, manufacturer:Apple, model:iPhone, hardware:iPhone10,1, software:11.2.1>","FlightsClimbed","count",2018-01-08 11:13:30 +0100,2018-01-08 10:20:03 +0100,2018-01-08 10:20:03 +0100,1
"iPhone","11.2.1","<<HKDevice: 0x2837544b0>, name:iPhone, manufacturer:Apple, model:iPhone, hardware:iPhone10,1, software:11.2.1>","FlightsClimbed","count",2018-01-08 11:13:30 +0100,2018-01-08 10:20:26 +0100,2018-01-08 10:20:26 +0100,1
"iPhone","11.2.1","<<HKDevice: 0x2837544b0>, name:iPhone, manufacturer:Apple, model:iPhone, hardware:iPhone10,1, software:11.2.1>","FlightsClimbed","count",2018-01-08 11:13:30 +0100,2018-01-08 10:20:39 +0100,2018-01-08 10:20:39 +0100,1
"iPhone","11.2.1","<<HKDevice: 0x2837544b0>, name:iPhone, manufacturer:Apple, model:iPhone, hardware:iPhone10,1, software:11.2.1>","FlightsClimbed","count",2018-01-08 11:13:30 +0100,2018-01-08 10:23:15 +0100,2018-01-08 10:23:15 +0100,1
"iPhone","11.2.1","<<HKDevice: 0x2837544b0>, name:iPhone, manufacturer:Apple, model:iPhone, hardware:iPhone10,1, software:11.2.1>","FlightsClimbed","count",2018-01-08 12:34:50 +0100,2018-01-08 12:15:48 +0100,2018-01-08 12:15:48 +0100,1
"iPhone","11.2.1","<<HKDevice: 0x2837544b0>, name:iPhone, manufacturer:Apple, model:iPhone, hardware:iPhone10,1, software:11.2.1>","FlightsClimbed","count",2018-01-08 12:34:50 +0100,2018-01-08 12:16:03 +0100,2018-01-08 12:16:03 +0100,1
"iPhone","11.2.1","<<HKDevice: 0x2837544b0>, name:iPhone, manufacturer:Apple, model:iPhone, hardware:iPhone10,1, software:11.2.1>","FlightsClimbed","count",2018-01-08 14:39:35 +0100,2018-01-08 13:47:50 +0100,2018-01-08 13:47:50 +0100,1
"iPhone","11.2.1","<<HKDevice: 0x2837544b0>, name:iPhone, manufacturer:Apple, model:iPhone, hardware:iPhone10,1, software:11.2.1>","FlightsClimbed","count",2018-01-08 20:36:34 +0100,2018-01-08 19:50:51 +0100,2018-01-08 19:50:51 +0100,1
"iPhone","11.2.1","<<HKDevice: 0x2837544b0>, name:iPhone, manufacturer:Apple, model:iPhone, hardware:iPhone10,1, software:11.2.1>","FlightsClimbed","count",2018-01-08 20:36:34 +0100,2018-01-08 19:52:05 +0100,2018-01-08 19:52:05 +0100,1
"iPhone","11.2.1","<<HKDevice: 0x2837544b0>, name:iPhone, manufacturer:Apple, model:iPhone, hardware:iPhone10,1, software:11.2.1>","FlightsClimbed","count",2018-01-08 20:36:34 +0100,2018-01-08 19:57:18 +0100,2018-01-08 19:57:18 +0100,1
"iPhone","11.2.1","<<HKDevice: 0x2837544b0>, name:iPhone, manufacturer:Apple, model:iPhone, hardware:iPhone10,1, software:11.2.1>","FlightsClimbed","count",2018-01-08 20:36:34 +0100,2018-01-08 19:58:47 +0100,2018-01-08 19:58:47 +0100,1
"iPhone","11.2.1","<<HKDevice: 0x2837544b0>, name:iPhone, manufacturer:Apple, model:iPhone, hardware:iPhone10,1, software:11.2.1>","FlightsClimbed","count",2018-01-08 20:36:34 +0100,2018-01-08 19:59:03 +0100,2018-01-08 19:59:03 +0100,1
"iPhone","11.2.1","<<HKDevice: 0x2837544b0>, name:iPhone, manufacturer:Apple, model:iPhone, hardware:iPhone10,1, software:11.2.1>","FlightsClimbed","count",2018-01-08 20:36:34 +0100,2018-01-08 19:59:23 +0100,2018-01-08 19:59:23 +0100,1
"iPhone","11.2.1","<<HKDevice: 0x2837544b0>, name:iPhone, manufacturer:Apple, model:iPhone, hardware:iPhone10,1, software:11.2.1>","FlightsClimbed","count",2018-01-09 09:33:19 +0100,2018-01-09 09:06:25 +0100,2018-01-09 09:06:25 +0100,1
"iPhone","11.2.1","<<HKDevice: 0x2837544b0>, name:iPhone, manufacturer:Apple, model:iPhone, hardware:iPhone10,1, software:11.2.1>","FlightsClimbed","count",2018-01-09 09:33:19 +0100,2018-01-09 09:06:38 +0100,2018-01-09 09:06:38 +0100,1
"iPhone","11.2.1","<<HKDevice: 0x2837544b0>, name:iPhone, manufacturer:Apple, model:iPhone, hardware:iPhone10,1, software:11.2.1>","FlightsClimbed","count",2018-01-09 09:33:19 +0100,2018-01-09 09:06:58 +0100,2018-01-09 09:06:58 +0100,1
"iPhone","11.2.1","<<HKDevice: 0x2837544b0>, name:iPhone, manufacturer:Apple, model:iPhone, hardware:iPhone10,1, software:11.2.1>","FlightsClimbed","count",2018-01-09 09:33:19 +0100,2018-01-09 09:07:19 +0100,2018-01-09 09:07:19 +0100,1
"iPhone","11.2.1","<<HKDevice: 0x2837544b0>, name:iPhone, manufacturer:Apple, model:iPhone, hardware:iPhone10,1, software:11.2.1>","FlightsClimbed","count",2018-01-09 13:44:22 +0100,2018-01-09 13:42:56 +0100,2018-01-09 13:42:56 +0100,1
"iPhone","11.2.2","<<HKDevice: 0x283754410>, name:iPhone, manufacturer:Apple, model:iPhone, hardware:iPhone10,1, software:11.2.2>","FlightsClimbed","count",2018-01-09 20:26:36 +0100,2018-01-09 19:43:29 +0100,2018-01-09 19:43:29 +0100,1
"iPhone","11.2.2","<<HKDevice: 0x283754410>, name:iPhone, manufacturer:Apple, model:iPhone, hardware:iPhone10,1, software:11.2.2>","FlightsClimbed","count",2018-01-09 20:26:36 +0100,2018-01-09 19:59:21 +0100,2018-01-09 19:59:21 +0100,1
"iPhone","11.2.2","<<HKDevice: 0x283754410>, name:iPhone, manufacturer:Apple, model:iPhone, hardware:iPhone10,1, software:11.2.2>","FlightsClimbed","count",2018-01-09 20:26:36 +0100,2018-01-09 19:59:31 +0100,2018-01-09 19:59:31 +0100,1
"iPhone","11.2.2","<<HKDevice: 0x283754410>, name:iPhone, manufacturer:Apple, model:iPhone, hardware:iPhone10,1, software:11.2.2>","FlightsClimbed","count",2018-01-09 20:26:36 +0100,2018-01-09 19:59:41 +0100,2018-01-09 19:59:41 +0100,1
"iPhone","11.2.2","<<HKDevice: 0x283754410>, name:iPhone, manufacturer:Apple, model:iPhone, hardware:iPhone10,1, software:11.2.2>","FlightsClimbed","count",2018-01-09 20:26:36 +0100,2018-01-09 19:59:52 +0100,2018-01-09 19:59:52 +0100,1
"iPhone","11.2.2","<<HKDevice: 0x283754410>, name:iPhone, manufacturer:Apple, model:iPhone, hardware:iPhone10,1, software:11.2.2>","FlightsClimbed","count",2018-01-09 22:31:56 +0100,2018-01-09 21:37:27 +0100,2018-01-09 21:37:27 +0100,1
"iPhone","11.2.2","<<HKDevice: 0x283754410>, name:iPhone, manufacturer:Apple, model:iPhone, hardware:iPhone10,1, software:11.2.2>","FlightsClimbed","count",2018-01-09 22:31:56 +0100,2018-01-09 21:37:38 +0100,2018-01-09 21:37:38 +0100,1
"iPhone","11.2.2","<<HKDevice: 0x283754410>, name:iPhone, manufacturer:Apple, model:iPhone, hardware:iPhone10,1, software:11.2.2>","FlightsClimbed","count",2018-01-09 22:31:56 +0100,2018-01-09 21:37:50 +0100,2018-01-09 21:37:50 +0100,1
"iPhone","11.2.2","<<HKDevice: 0x283754410>, name:iPhone, manufacturer:Apple, model:iPhone, hardware:iPhone10,1, software:11.2.2>","FlightsClimbed","count",2018-01-10 09:26:06 +0100,2018-01-10 08:36:10 +0100,2018-01-10 08:36:10 +0100,1
"iPhone","11.2.2","<<HKDevice: 0x283754410>, name:iPhone, manufacturer:Apple, model:iPhone, hardware:iPhone10,1, software:11.2.2>","FlightsClimbed","count",2018-01-10 09:26:06 +0100,2018-01-10 08:36:33 +0100,2018-01-10 08:36:33 +0100,1
"iPhone","11.2.2","<<HKDevice: 0x283754410>, name:iPhone, manufacturer:Apple, model:iPhone, hardware:iPhone10,1, software:11.2.2>","FlightsClimbed","count",2018-01-10 09:26:06 +0100,2018-01-10 08:37:01 +0100,2018-01-10 08:37:01 +0100,1
"iPhone","11.2.2","<<HKDevice: 0x283754410>, name:iPhone, manufacturer:Apple, model:iPhone, hardware:iPhone10,1, software:11.2.2>","FlightsClimbed","count",2018-01-10 09:26:06 +0100,2018-01-10 08:40:38 +0100,2018-01-10 08:40:38 +0100,1
"iPhone","11.2.2","<<HKDevice: 0x283754410>, name:iPhone, manufacturer:Apple, model:iPhone, hardware:iPhone10,1, software:11.2.2>","FlightsClimbed","count",2018-01-10 09:26:06 +0100,2018-01-10 08:40:56 +0100,2018-01-10 08:40:56 +0100,1
"iPhone","11.2.2","<<HKDevice: 0x283754410>, name:iPhone, manufacturer:Apple, model:iPhone, hardware:iPhone10,1, software:11.2.2>","FlightsClimbed","count",2018-01-10 13:30:27 +0100,2018-01-10 13:05:25 +0100,2018-01-10 13:05:25 +0100,1
"iPhone","11.2.2","<<HKDevice: 0x283754410>, name:iPhone, manufacturer:Apple, model:iPhone, hardware:iPhone10,1, software:11.2.2>","FlightsClimbed","count",2018-01-10 20:26:02 +0100,2018-01-10 19:50:09 +0100,2018-01-10 19:50:09 +0100,1
"iPhone","11.2.2","<<HKDevice: 0x283754410>, name:iPhone, manufacturer:Apple, model:iPhone, hardware:iPhone10,1, software:11.2.2>","FlightsClimbed","count",2018-01-10 20:26:02 +0100,2018-01-10 20:06:55 +0100,2018-01-10 20:06:55 +0100,1
"iPhone","11.2.2","<<HKDevice: 0x283754410>, name:iPhone, manufacturer:Apple, model:iPhone, hardware:iPhone10,1, software:11.2.2>","FlightsClimbed","count",2018-01-10 20:26:02 +0100,2018-01-10 20:07:08 +0100,2018-01-10 20:07:08 +0100,1
"iPhone","11.2.2","<<HKDevice: 0x283754410>, name:iPhone, manufacturer:Apple, model:iPhone, hardware:iPhone10,1, software:11.2.2>","FlightsClimbed","count",2018-01-10 20:26:02 +0100,2018-01-10 20:07:18 +0100,2018-01-10 20:07:18 +0100,1
"iPhone","11.2.2","<<HKDevice: 0x283754410>, name:iPhone, manufacturer:Apple, model:iPhone, hardware:iPhone10,1, software:11.2.2>","FlightsClimbed","count",2018-01-11 11:04:36 +0100,2018-01-11 09:37:57 +0100,2018-01-11 09:37:57 +0100,1
"iPhone","11.2.2","<<HKDevice: 0x283754410>, name:iPhone, manufacturer:Apple, model:iPhone, hardware:iPhone10,1, software:11.2.2>","FlightsClimbed","count",2018-01-11 11:04:36 +0100,2018-01-11 09:38:18 +0100,2018-01-11 09:38:18 +0100,1
"iPhone","11.2.2","<<HKDevice: 0x283754410>, name:iPhone, manufacturer:Apple, model:iPhone, hardware:iPhone10,1, software:11.2.2>","FlightsClimbed","count",2018-01-11 11:04:36 +0100,2018-01-11 09:38:35 +0100,2018-01-11 09:38:35 +0100,1
"iPhone","11.2.2","<<HKDevice: 0x283754410>, name:iPhone, manufacturer:Apple, model:iPhone, hardware:iPhone10,1, software:11.2.2>","FlightsClimbed","count",2018-01-11 20:25:11 +0100,2018-01-11 19:32:32 +0100,2018-01-11 19:32:32 +0100,1
"iPhone","11.2.2","<<HKDevice: 0x283754410>, name:iPhone, manufacturer:Apple, model:iPhone, hardware:iPhone10,1, software:11.2.2>","FlightsClimbed","count",2018-01-11 20:25:11 +0100,2018-01-11 19:38:38 +0100,2018-01-11 19:38:38 +0100,1
"iPhone","11.2.2","<<HKDevice: 0x283754410>, name:iPhone, manufacturer:Apple, model:iPhone, hardware:iPhone10,1, software:11.2.2>","FlightsClimbed","count",2018-01-11 20:25:11 +0100,2018-01-11 19:38:51 +0100,2018-01-11 19:38:51 +0100,1
"iPhone","11.2.2","<<HKDevice: 0x283754410>, name:iPhone, manufacturer:Apple, model:iPhone, hardware:iPhone10,1, software:11.2.2>","FlightsClimbed","count",2018-01-11 20:25:11 +0100,2018-01-11 19:39:04 +0100,2018-01-11 19:39:04 +0100,1
"iPhone","11.2.2","<<HKDevice: 0x283754410>, name:iPhone, manufacturer:Apple, model:iPhone, hardware:iPhone10,1, software:11.2.2>","FlightsClimbed","count",2018-01-12 08:58:03 +0100,2018-01-12 08:51:03 +0100,2018-01-12 08:51:03 +0100,1
"iPhone","11.2.2","<<HKDevice: 0x283754410>, name:iPhone, manufacturer:Apple, model:iPhone, hardware:iPhone10,1, software:11.2.2>","FlightsClimbed","count",2018-01-12 08:58:03 +0100,2018-01-12 08:51:29 +0100,2018-01-12 08:51:29 +0100,1
"iPhone","11.2.2","<<HKDevice: 0x283754410>, name:iPhone, manufacturer:Apple, model:iPhone, hardware:iPhone10,1, software:11.2.2>","FlightsClimbed","count",2018-01-12 08:58:03 +0100,2018-01-12 08:51:52 +0100,2018-01-12 08:51:52 +0100,1
"iPhone","11.2.2","<<HKDevice: 0x283754410>, name:iPhone, manufacturer:Apple, model:iPhone, hardware:iPhone10,1, software:11.2.2>","FlightsClimbed","count",2018-01-12 14:32:29 +0100,2018-01-12 13:30:25 +0100,2018-01-12 13:30:25 +0100,1
"iPhone","11.2.2","<<HKDevice: 0x283754410>, name:iPhone, manufacturer:Apple, model:iPhone, hardware:iPhone10,1, software:11.2.2>","FlightsClimbed","count",2018-01-12 16:28:21 +0100,2018-01-12 16:12:51 +0100,2018-01-12 16:12:51 +0100,1
"iPhone","11.2.2","<<HKDevice: 0x283754410>, name:iPhone, manufacturer:Apple, model:iPhone, hardware:iPhone10,1, software:11.2.2>","FlightsClimbed","count",2018-01-12 16:28:21 +0100,2018-01-12 16:13:14 +0100,2018-01-12 16:13:14 +0100,1
"iPhone","11.2.2","<<HKDevice: 0x283754410>, name:iPhone, manufacturer:Apple, model:iPhone, hardware:iPhone10,1, software:11.2.2>","FlightsClimbed","count",2018-01-12 16:28:21 +0100,2018-01-12 16:14:54 +0100,2018-01-12 16:14:54 +0100,1
"iPhone","11.2.2","<<HKDevice: 0x283754410>, name:iPhone, manufacturer:Apple, model:iPhone, hardware:iPhone10,1, software:11.2.2>","FlightsClimbed","count",2018-01-12 16:28:21 +0100,2018-01-12 16:15:12 +0100,2018-01-12 16:15:12 +0100,1
"iPhone","11.2.2","<<HKDevice: 0x283754410>, name:iPhone, manufacturer:Apple, model:iPhone, hardware:iPhone10,1, software:11.2.2>","FlightsClimbed","count",2018-01-12 16:28:21 +0100,2018-01-12 16:15:27 +0100,2018-01-12 16:15:27 +0100,1
"iPhone","11.2.2","<<HKDevice: 0x283754410>, name:iPhone, manufacturer:Apple, model:iPhone, hardware:iPhone10,1, software:11.2.2>","FlightsClimbed","count",2018-01-12 16:28:21 +0100,2018-01-12 16:15:42 +0100,2018-01-12 16:15:42 +0100,1
"iPhone","11.2.2","<<HKDevice: 0x283754410>, name:iPhone, manufacturer:Apple, model:iPhone, hardware:iPhone10,1, software:11.2.2>","FlightsClimbed","count",2018-01-12 16:28:21 +0100,2018-01-12 16:16:00 +0100,2018-01-12 16:16:00 +0100,1
"iPhone","11.2.2","<<HKDevice: 0x283754410>, name:iPhone, manufacturer:Apple, model:iPhone, hardware:iPhone10,1, software:11.2.2>","FlightsClimbed","count",2018-01-12 17:29:10 +0100,2018-01-12 16:32:49 +0100,2018-01-12 16:32:49 +0100,1
"iPhone","11.2.2","<<HKDevice: 0x283754410>, name:iPhone, manufacturer:Apple, model:iPhone, hardware:iPhone10,1, software:11.2.2>","FlightsClimbed","count",2018-01-12 17:29:10 +0100,2018-01-12 16:39:54 +0100,2018-01-12 16:39:54 +0100,1
"iPhone","11.2.2","<<HKDevice: 0x283754410>, name:iPhone, manufacturer:Apple, model:iPhone, hardware:iPhone10,1, software:11.2.2>","FlightsClimbed","count",2018-01-12 17:29:10 +0100,2018-01-12 16:40:43 +0100,2018-01-12 16:40:43 +0100,1
"iPhone","11.2.2","<<HKDevice: 0x283754410>, name:iPhone, manufacturer:Apple, model:iPhone, hardware:iPhone10,1, software:11.2.2>","FlightsClimbed","count",2018-01-12 17:29:10 +0100,2018-01-12 16:40:56 +0100,2018-01-12 16:40:56 +0100,1
"iPhone","11.2.2","<<HKDevice: 0x283754410>, name:iPhone, manufacturer:Apple, model:iPhone, hardware:iPhone10,1, software:11.2.2>","FlightsClimbed","count",2018-01-12 17:29:10 +0100,2018-01-12 16:41:13 +0100,2018-01-12 16:41:13 +0100,1
"iPhone","11.2.2","<<HKDevice: 0x283754410>, name:iPhone, manufacturer:Apple, model:iPhone, hardware:iPhone10,1, software:11.2.2>","FlightsClimbed","count",2018-01-12 17:29:10 +0100,2018-01-12 16:41:49 +0100,2018-01-12 16:41:49 +0100,1
"iPhone","11.2.2","<<HKDevice: 0x283754410>, name:iPhone, manufacturer:Apple, model:iPhone, hardware:iPhone10,1, software:11.2.2>","FlightsClimbed","count",2018-01-12 17:29:10 +0100,2018-01-12 16:42:05 +0100,2018-01-12 16:42:05 +0100,1
"iPhone","11.2.2","<<HKDevice: 0x283754410>, name:iPhone, manufacturer:Apple, model:iPhone, hardware:iPhone10,1, software:11.2.2>","FlightsClimbed","count",2018-01-12 17:29:10 +0100,2018-01-12 16:42:15 +0100,2018-01-12 16:42:15 +0100,1
"iPhone","11.2.2","<<HKDevice: 0x283754410>, name:iPhone, manufacturer:Apple, model:iPhone, hardware:iPhone10,1, software:11.2.2>","FlightsClimbed","count",2018-01-12 17:29:10 +0100,2018-01-12 16:42:25 +0100,2018-01-12 16:42:25 +0100,1
"iPhone","11.2.2","<<HKDevice: 0x283754410>, name:iPhone, manufacturer:Apple, model:iPhone, hardware:iPhone10,1, software:11.2.2>","FlightsClimbed","count",2018-01-12 17:29:10 +0100,2018-01-12 16:42:33 +0100,2018-01-12 16:42:33 +0100,1
"iPhone","11.2.2","<<HKDevice: 0x283754410>, name:iPhone, manufacturer:Apple, model:iPhone, hardware:iPhone10,1, software:11.2.2>","FlightsClimbed","count",2018-01-12 17:29:10 +0100,2018-01-12 16:42:46 +0100,2018-01-12 16:42:46 +0100,1
"iPhone","11.2.2","<<HKDevice: 0x283754410>, name:iPhone, manufacturer:Apple, model:iPhone, hardware:iPhone10,1, software:11.2.2>","FlightsClimbed","count",2018-01-12 17:29:10 +0100,2018-01-12 16:43:04 +0100,2018-01-12 16:43:04 +0100,1
"iPhone","11.2.2","<<HKDevice: 0x283754410>, name:iPhone, manufacturer:Apple, model:iPhone, hardware:iPhone10,1, software:11.2.2>","FlightsClimbed","count",2018-01-12 17:29:10 +0100,2018-01-12 16:43:21 +0100,2018-01-12 16:43:21 +0100,1
"iPhone","11.2.2","<<HKDevice: 0x283754410>, name:iPhone, manufacturer:Apple, model:iPhone, hardware:iPhone10,1, software:11.2.2>","FlightsClimbed","count",2018-01-12 17:29:10 +0100,2018-01-12 16:43:42 +0100,2018-01-12 16:43:42 +0100,1
"iPhone","11.2.2","<<HKDevice: 0x283754410>, name:iPhone, manufacturer:Apple, model:iPhone, hardware:iPhone10,1, software:11.2.2>","FlightsClimbed","count",2018-01-12 17:29:10 +0100,2018-01-12 16:43:57 +0100,2018-01-12 16:43:57 +0100,1
"iPhone","11.2.2","<<HKDevice: 0x283754410>, name:iPhone, manufacturer:Apple, model:iPhone, hardware:iPhone10,1, software:11.2.2>","FlightsClimbed","count",2018-01-12 17:29:10 +0100,2018-01-12 16:44:08 +0100,2018-01-12 16:44:08 +0100,1
"iPhone","11.2.2","<<HKDevice: 0x283754410>, name:iPhone, manufacturer:Apple, model:iPhone, hardware:iPhone10,1, software:11.2.2>","FlightsClimbed","count",2018-01-12 17:29:10 +0100,2018-01-12 16:44:18 +0100,2018-01-12 16:44:18 +0100,1
"iPhone","11.2.2","<<HKDevice: 0x283754410>, name:iPhone, manufacturer:Apple, model:iPhone, hardware:iPhone10,1, software:11.2.2>","FlightsClimbed","count",2018-01-12 17:29:10 +0100,2018-01-12 16:44:28 +0100,2018-01-12 16:44:28 +0100,1
"iPhone","11.2.2","<<HKDevice: 0x283754410>, name:iPhone, manufacturer:Apple, model:iPhone, hardware:iPhone10,1, software:11.2.2>","FlightsClimbed","count",2018-01-12 17:29:10 +0100,2018-01-12 16:44:38 +0100,2018-01-12 16:44:38 +0100,1
"iPhone","11.2.2","<<HKDevice: 0x283754410>, name:iPhone, manufacturer:Apple, model:iPhone, hardware:iPhone10,1, software:11.2.2>","FlightsClimbed","count",2018-01-12 17:29:10 +0100,2018-01-12 16:44:56 +0100,2018-01-12 16:44:56 +0100,1
"iPhone","11.2.2","<<HKDevice: 0x283754410>, name:iPhone, manufacturer:Apple, model:iPhone, hardware:iPhone10,1, software:11.2.2>","FlightsClimbed","count",2018-01-12 17:29:10 +0100,2018-01-12 16:45:22 +0100,2018-01-12 16:45:22 +0100,1
"iPhone","11.2.2","<<HKDevice: 0x283754410>, name:iPhone, manufacturer:Apple, model:iPhone, hardware:iPhone10,1, software:11.2.2>","FlightsClimbed","count",2018-01-12 17:29:10 +0100,2018-01-12 16:45:47 +0100,2018-01-12 16:45:47 +0100,1
"iPhone","11.2.2","<<HKDevice: 0x283754410>, name:iPhone, manufacturer:Apple, model:iPhone, hardware:iPhone10,1, software:11.2.2>","FlightsClimbed","count",2018-01-12 17:29:10 +0100,2018-01-12 16:46:08 +0100,2018-01-12 16:46:08 +0100,1
"iPhone","11.2.2","<<HKDevice: 0x283754410>, name:iPhone, manufacturer:Apple, model:iPhone, hardware:iPhone10,1, software:11.2.2>","FlightsClimbed","count",2018-01-12 17:29:10 +0100,2018-01-12 16:46:21 +0100,2018-01-12 16:46:21 +0100,1
"iPhone","11.2.2","<<HKDevice: 0x283754410>, name:iPhone, manufacturer:Apple, model:iPhone, hardware:iPhone10,1, software:11.2.2>","FlightsClimbed","count",2018-01-12 17:29:10 +0100,2018-01-12 16:46:34 +0100,2018-01-12 16:46:34 +0100,1
"iPhone","11.2.2","<<HKDevice: 0x283754410>, name:iPhone, manufacturer:Apple, model:iPhone, hardware:iPhone10,1, software:11.2.2>","FlightsClimbed","count",2018-01-12 17:29:10 +0100,2018-01-12 16:46:51 +0100,2018-01-12 16:46:51 +0100,1
"iPhone","11.2.2","<<HKDevice: 0x283754410>, name:iPhone, manufacturer:Apple, model:iPhone, hardware:iPhone10,1, software:11.2.2>","FlightsClimbed","count",2018-01-12 17:29:10 +0100,2018-01-12 16:47:14 +0100,2018-01-12 16:47:14 +0100,1
"iPhone","11.2.2","<<HKDevice: 0x283754410>, name:iPhone, manufacturer:Apple, model:iPhone, hardware:iPhone10,1, software:11.2.2>","FlightsClimbed","count",2018-01-12 17:29:10 +0100,2018-01-12 16:47:35 +0100,2018-01-12 16:47:35 +0100,1
"iPhone","11.2.2","<<HKDevice: 0x283754410>, name:iPhone, manufacturer:Apple, model:iPhone, hardware:iPhone10,1, software:11.2.2>","FlightsClimbed","count",2018-01-12 17:29:10 +0100,2018-01-12 16:47:50 +0100,2018-01-12 16:47:50 +0100,1
"iPhone","11.2.2","<<HKDevice: 0x283754410>, name:iPhone, manufacturer:Apple, model:iPhone, hardware:iPhone10,1, software:11.2.2>","FlightsClimbed","count",2018-01-12 17:29:10 +0100,2018-01-12 16:50:39 +0100,2018-01-12 16:50:39 +0100,1
"iPhone","11.2.2","<<HKDevice: 0x283754410>, name:iPhone, manufacturer:Apple, model:iPhone, hardware:iPhone10,1, software:11.2.2>","FlightsClimbed","count",2018-01-12 17:29:10 +0100,2018-01-12 16:51:02 +0100,2018-01-12 16:51:02 +0100,1
"iPhone","11.2.2","<<HKDevice: 0x283754410>, name:iPhone, manufacturer:Apple, model:iPhone, hardware:iPhone10,1, software:11.2.2>","FlightsClimbed","count",2018-01-12 17:29:10 +0100,2018-01-12 17:02:54 +0100,2018-01-12 17:02:54 +0100,1
"iPhone","11.2.2","<<HKDevice: 0x283754410>, name:iPhone, manufacturer:Apple, model:iPhone, hardware:iPhone10,1, software:11.2.2>","FlightsClimbed","count",2018-01-12 17:29:10 +0100,2018-01-12 17:03:12 +0100,2018-01-12 17:03:12 +0100,1
"iPhone","11.2.2","<<HKDevice: 0x283754410>, name:iPhone, manufacturer:Apple, model:iPhone, hardware:iPhone10,1, software:11.2.2>","FlightsClimbed","count",2018-01-12 17:29:10 +0100,2018-01-12 17:03:30 +0100,2018-01-12 17:03:30 +0100,1
"iPhone","11.2.2","<<HKDevice: 0x283754410>, name:iPhone, manufacturer:Apple, model:iPhone, hardware:iPhone10,1, software:11.2.2>","FlightsClimbed","count",2018-01-12 17:29:10 +0100,2018-01-12 17:03:45 +0100,2018-01-12 17:03:45 +0100,1
"iPhone","11.2.2","<<HKDevice: 0x283754410>, name:iPhone, manufacturer:Apple, model:iPhone, hardware:iPhone10,1, software:11.2.2>","FlightsClimbed","count",2018-01-12 17:29:10 +0100,2018-01-12 17:04:08 +0100,2018-01-12 17:04:08 +0100,1
"iPhone","11.2.2","<<HKDevice: 0x283754410>, name:iPhone, manufacturer:Apple, model:iPhone, hardware:iPhone10,1, software:11.2.2>","FlightsClimbed","count",2018-01-12 17:29:10 +0100,2018-01-12 17:04:39 +0100,2018-01-12 17:04:39 +0100,1
"iPhone","11.2.2","<<HKDevice: 0x283754410>, name:iPhone, manufacturer:Apple, model:iPhone, hardware:iPhone10,1, software:11.2.2>","FlightsClimbed","count",2018-01-12 17:29:10 +0100,2018-01-12 17:08:35 +0100,2018-01-12 17:08:35 +0100,1
"iPhone","11.2.2","<<HKDevice: 0x283754410>, name:iPhone, manufacturer:Apple, model:iPhone, hardware:iPhone10,1, software:11.2.2>","FlightsClimbed","count",2018-01-12 19:29:35 +0100,2018-01-12 19:01:17 +0100,2018-01-12 19:01:17 +0100,1
"iPhone","11.2.2","<<HKDevice: 0x283754410>, name:iPhone, manufacturer:Apple, model:iPhone, hardware:iPhone10,1, software:11.2.2>","FlightsClimbed","count",2018-01-12 20:29:10 +0100,2018-01-12 19:26:43 +0100,2018-01-12 19:26:43 +0100,1
"iPhone","11.2.2","<<HKDevice: 0x283754410>, name:iPhone, manufacturer:Apple, model:iPhone, hardware:iPhone10,1, software:11.2.2>","FlightsClimbed","count",2018-01-12 20:29:10 +0100,2018-01-12 19:26:56 +0100,2018-01-12 19:26:56 +0100,1
"iPhone","11.2.2","<<HKDevice: 0x283754410>, name:iPhone, manufacturer:Apple, model:iPhone, hardware:iPhone10,1, software:11.2.2>","FlightsClimbed","count",2018-01-12 20:29:10 +0100,2018-01-12 19:27:08 +0100,2018-01-12 19:27:08 +0100,1
"iPhone","11.2.2","<<HKDevice: 0x283754410>, name:iPhone, manufacturer:Apple, model:iPhone, hardware:iPhone10,1, software:11.2.2>","FlightsClimbed","count",2018-01-12 20:29:10 +0100,2018-01-12 19:27:19 +0100,2018-01-12 19:27:19 +0100,1
"iPhone","11.2.2","<<HKDevice: 0x283754410>, name:iPhone, manufacturer:Apple, model:iPhone, hardware:iPhone10,1, software:11.2.2>","FlightsClimbed","count",2018-01-13 10:08:55 +0100,2018-01-13 09:59:02 +0100,2018-01-13 09:59:02 +0100,1
"iPhone","11.2.2","<<HKDevice: 0x283754410>, name:iPhone, manufacturer:Apple, model:iPhone, hardware:iPhone10,1, software:11.2.2>","FlightsClimbed","count",2018-01-13 10:08:55 +0100,2018-01-13 09:59:17 +0100,2018-01-13 09:59:17 +0100,1
"Connect","28",,"FlightsClimbed","count",2020-11-23 08:42:43 +0100,2020-11-08 23:59:59 +0100,2020-11-08 23:59:59 +0100,22.6381
"Connect","28",,"FlightsClimbed","count",2020-11-23 08:42:43 +0100,2020-11-07 23:59:59 +0100,2020-11-07 23:59:59 +0100,9.13123
"Connect","28",,"FlightsClimbed","count",2020-11-23 08:42:43 +0100,2020-11-06 23:59:59 +0100,2020-11-06 23:59:59 +0100,12.7904
"Connect","28",,"FlightsClimbed","count",2020-11-23 08:42:43 +0100,2020-11-05 23:59:59 +0100,2020-11-05 23:59:59 +0100,3
"Connect","28",,"FlightsClimbed","count",2020-11-23 08:42:43 +0100,2020-11-04 23:59:59 +0100,2020-11-04 23:59:59 +0100,5
"Connect","28",,"FlightsClimbed","count",2020-11-23 08:42:43 +0100,2020-11-03 23:59:59 +0100,2020-11-03 23:59:59 +0100,2.52165
"Connect","28",,"FlightsClimbed","count",2020-11-23 08:42:43 +0100,2020-11-02 23:59:59 +0100,2020-11-02 23:59:59 +0100,2.62402
"Connect","28",,"FlightsClimbed","count",2020-11-23 08:42:43 +0100,2020-11-01 23:59:59 +0100,2020-11-01 23:59:59 +0100,12.4797
"Connect","28",,"FlightsClimbed","count",2020-11-23 08:42:43 +0100,2020-10-31 23:59:59 +0100,2020-10-31 23:59:59 +0100,7.79856
"Connect","28",,"FlightsClimbed","count",2020-11-23 08:42:43 +0100,2020-10-30 23:59:59 +0100,2020-10-30 23:59:59 +0100,0
"Connect","28",,"FlightsClimbed","count",2020-11-23 08:42:43 +0100,2020-10-29 23:59:59 +0100,2020-10-29 23:59:59 +0100,9
"Connect","28",,"FlightsClimbed","count",2020-11-23 08:42:43 +0100,2020-10-28 23:59:59 +0100,2020-10-28 23:59:59 +0100,0.66371
"Connect","28",,"FlightsClimbed","count",2020-11-23 08:42:43 +0100,2020-10-27 23:59:59 +0100,2020-10-27 23:59:59 +0100,6.74902
"Connect","28",,"FlightsClimbed","count",2020-11-23 08:42:43 +0100,2020-10-26 23:59:59 +0100,2020-10-26 23:59:59 +0100,26.3507
"Connect","28",,"FlightsClimbed","count",2020-11-23 08:42:43 +0100,2020-10-25 23:59:59 +0100,2020-10-25 23:59:59 +0100,4.69915
"Connect","28",,"FlightsClimbed","count",2020-11-23 08:42:43 +0100,2020-10-24 21:59:59 +0100,2020-10-24 21:59:59 +0100,21.2215
"Connect","5",,"FlightsClimbed","count",2020-11-28 22:35:47 +0100,2020-11-10 23:59:59 +0100,2020-11-10 23:59:59 +0100,23
"Connect","5",,"FlightsClimbed","count",2020-11-28 22:35:47 +0100,2020-11-09 23:59:59 +0100,2020-11-09 23:59:59 +0100,5.46227
"Connect","5",,"FlightsClimbed","count",2020-12-11 09:24:17 +0100,2020-11-13 23:59:59 +0100,2020-11-13 23:59:59 +0100,9.45636
"Connect","5",,"FlightsClimbed","count",2020-12-11 09:24:17 +0100,2020-11-12 23:59:59 +0100,2020-11-12 23:59:59 +0100,4.0269
"Connect","5",,"FlightsClimbed","count",2020-12-11 09:24:17 +0100,2020-11-11 23:59:59 +0100,2020-11-11 23:59:59 +0100,0
"Connect","5",,"FlightsClimbed","count",2020-12-14 11:38:28 +0100,2020-11-16 23:59:59 +0100,2020-11-16 23:59:59 +0100,5.38255
"Connect","5",,"FlightsClimbed","count",2020-12-14 11:38:28 +0100,2020-11-15 23:59:59 +0100,2020-11-15 23:59:59 +0100,0
"Connect","5",,"FlightsClimbed","count",2020-12-14 11:38:28 +0100,2020-11-14 23:59:59 +0100,2020-11-14 23:59:59 +0100,24.2434
"Connect","5",,"FlightsClimbed","count",2020-12-17 09:05:13 +0100,2020-11-22 23:59:59 +0100,2020-11-22 23:59:59 +0100,3
"Connect","5",,"FlightsClimbed","count",2020-12-17 09:05:13 +0100,2020-11-21 23:59:59 +0100,2020-11-21 23:59:59 +0100,4.02001
"Connect","5",,"FlightsClimbed","count",2020-12-17 09:05:13 +0100,2020-11-20 23:59:59 +0100,2020-11-20 23:59:59 +0100,32.0082
"Connect","5",,"FlightsClimbed","count",2020-12-17 09:05:13 +0100,2020-11-19 23:59:59 +0100,2020-11-19 23:59:59 +0100,2.55938
"Connect","5",,"FlightsClimbed","count",2020-12-17 09:05:13 +0100,2020-11-18 23:59:59 +0100,2020-11-18 23:59:59 +0100,4.20965
"Connect","5",,"FlightsClimbed","count",2020-12-17 09:05:13 +0100,2020-11-17 23:59:59 +0100,2020-11-17 23:59:59 +0100,19
"Connect","5",,"FlightsClimbed","count",2020-12-23 19:53:17 +0100,2020-11-28 23:59:59 +0100,2020-11-28 23:59:59 +0100,0
"Connect","5",,"FlightsClimbed","count",2020-12-23 19:53:17 +0100,2020-11-27 23:59:59 +0100,2020-11-27 23:59:59 +0100,6.48983
"Connect","5",,"FlightsClimbed","count",2020-12-23 19:53:17 +0100,2020-11-26 23:59:59 +0100,2020-11-26 23:59:59 +0100,7.63091
"Connect","5",,"FlightsClimbed","count",2020-12-23 19:53:17 +0100,2020-11-25 23:59:59 +0100,2020-11-25 23:59:59 +0100,28.1024
"Connect","5",,"FlightsClimbed","count",2020-12-23 19:53:17 +0100,2020-11-24 23:59:59 +0100,2020-11-24 23:59:59 +0100,4.44357
"Connect","5",,"FlightsClimbed","count",2020-12-23 19:53:17 +0100,2020-11-23 23:59:59 +0100,2020-11-23 23:59:59 +0100,10.5141
"Connect","5",,"FlightsClimbed","count",2020-12-29 17:45:48 +0100,2020-12-03 23:59:59 +0100,2020-12-03 23:59:59 +0100,3
"Connect","5",,"FlightsClimbed","count",2020-12-29 17:45:48 +0100,2020-12-02 23:59:59 +0100,2020-12-02 23:59:59 +0100,2
"Connect","5",,"FlightsClimbed","count",2020-12-29 17:45:48 +0100,2020-12-01 23:59:59 +0100,2020-12-01 23:59:59 +0100,6.52953
"Connect","5",,"FlightsClimbed","count",2020-12-29 17:45:48 +0100,2020-11-30 23:59:59 +0100,2020-11-30 23:59:59 +0100,16.229
"Connect","5",,"FlightsClimbed","count",2020-12-29 17:45:48 +0100,2020-11-29 23:59:59 +0100,2020-11-29 23:59:59 +0100,26.3127
"Connect","5",,"FlightsClimbed","count",2021-01-03 00:38:20 +0100,2020-12-08 23:59:59 +0100,2020-12-08 23:59:59 +0100,8
"Connect","5",,"FlightsClimbed","count",2021-01-03 00:38:20 +0100,2020-12-07 23:59:59 +0100,2020-12-07 23:59:59 +0100,8.7815
"Connect","5",,"FlightsClimbed","count",2021-01-03 00:38:20 +0100,2020-12-06 23:59:59 +0100,2020-12-06 23:59:59 +0100,0
"Connect","5",,"FlightsClimbed","count",2021-01-03 00:38:20 +0100,2020-12-05 23:59:59 +0100,2020-12-05 23:59:59 +0100,1.75558
"Connect","5",,"FlightsClimbed","count",2021-01-03 00:38:20 +0100,2020-12-04 23:59:59 +0100,2020-12-04 23:59:59 +0100,8.0128
"Connect","31",,"FlightsClimbed","count",2021-01-08 14:16:15 +0100,2020-12-12 23:59:59 +0100,2020-12-12 23:59:59 +0100,2.0853
"Connect","31",,"FlightsClimbed","count",2021-01-08 14:16:15 +0100,2020-12-11 23:59:59 +0100,2020-12-11 23:59:59 +0100,2.1729
"Connect","31",,"FlightsClimbed","count",2021-01-08 14:16:15 +0100,2020-12-10 23:59:59 +0100,2020-12-10 23:59:59 +0100,8.35072
"Connect","31",,"FlightsClimbed","count",2021-01-08 14:16:15 +0100,2020-12-09 23:59:59 +0100,2020-12-09 23:59:59 +0100,10.2142
"Connect","31",,"FlightsClimbed","count",2021-01-12 11:07:02 +0100,2020-12-17 23:59:59 +0100,2020-12-17 23:59:59 +0100,2.66601
"Connect","31",,"FlightsClimbed","count",2021-01-12 11:07:02 +0100,2020-12-16 23:59:59 +0100,2020-12-16 23:59:59 +0100,4.17323
"Connect","31",,"FlightsClimbed","count",2021-01-12 11:07:02 +0100,2020-12-15 23:59:59 +0100,2020-12-15 23:59:59 +0100,15.6243
"Connect","31",,"FlightsClimbed","count",2021-01-12 11:07:02 +0100,2020-12-14 23:59:59 +0100,2020-12-14 23:59:59 +0100,0
"Connect","31",,"FlightsClimbed","count",2021-01-12 11:07:02 +0100,2020-12-13 23:59:59 +0100,2020-12-13 23:59:59 +0100,24.1316
"Connect","31",,"FlightsClimbed","count",2021-01-17 20:18:13 +0100,2020-12-18 23:59:59 +0100,2020-12-18 23:59:59 +0100,5.27789
"Connect","31",,"FlightsClimbed","count",2021-01-18 08:40:23 +0100,2020-12-20 23:59:59 +0100,2020-12-20 23:59:59 +0100,6
"Connect","31",,"FlightsClimbed","count",2021-01-18 08:40:23 +0100,2020-12-19 23:59:59 +0100,2020-12-19 23:59:59 +0100,0
"Connect","31",,"FlightsClimbed","count",2021-01-20 13:25:48 +0100,2020-12-21 23:59:59 +0100,2020-12-21 23:59:59 +0100,12.0253
"Connect","31",,"FlightsClimbed","count",2021-01-21 08:23:41 +0100,2020-12-22 23:59:59 +0100,2020-12-22 23:59:59 +0100,5
"Connect","31",,"FlightsClimbed","count",2021-01-22 19:06:23 +0100,2020-12-24 23:59:59 +0100,2020-12-24 23:59:59 +0100,4.74409
"Connect","31",,"FlightsClimbed","count",2021-01-22 19:06:23 +0100,2020-12-23 23:59:59 +0100,2020-12-23 23:59:59 +0100,27
"Connect","31",,"FlightsClimbed","count",2021-01-24 16:31:03 +0100,2021-01-24 16:30:59 +0100,2021-01-24 16:30:59 +0100,20
"Connect","31",,"FlightsClimbed","count",2021-01-24 16:31:03 +0100,2021-01-23 23:59:59 +0100,2021-01-23 23:59:59 +0100,19.0702
"Connect","31",,"FlightsClimbed","count",2021-01-24 16:31:03 +0100,2021-01-22 23:59:59 +0100,2021-01-22 23:59:59 +0100,0
"Connect","31",,"FlightsClimbed","count",2021-01-24 16:31:03 +0100,2021-01-21 23:59:59 +0100,2021-01-21 23:59:59 +0100,27.4537
"Connect","31",,"FlightsClimbed","count",2021-01-24 16:31:03 +0100,2021-01-20 23:59:59 +0100,2021-01-20 23:59:59 +0100,3.32546
"Connect","31",,"FlightsClimbed","count",2021-01-24 16:31:03 +0100,2021-01-19 23:59:59 +0100,2021-01-19 23:59:59 +0100,36.3609
"Connect","31",,"FlightsClimbed","count",2021-01-24 16:31:03 +0100,2021-01-18 23:59:59 +0100,2021-01-18 23:59:59 +0100,14.1224
"Connect","31",,"FlightsClimbed","count",2021-01-24 16:31:03 +0100,2021-01-17 23:59:59 +0100,2021-01-17 23:59:59 +0100,26.33
"Connect","31",,"FlightsClimbed","count",2021-01-24 16:31:03 +0100,2021-01-16 23:59:59 +0100,2021-01-16 23:59:59 +0100,16
"Connect","31",,"FlightsClimbed","count",2021-01-24 16:31:03 +0100,2021-01-15 23:59:59 +0100,2021-01-15 23:59:59 +0100,21.4396
"Connect","31",,"FlightsClimbed","count",2021-01-24 16:31:03 +0100,2021-01-14 23:59:59 +0100,2021-01-14 23:59:59 +0100,7.07283
"Connect","31",,"FlightsClimbed","count",2021-01-24 16:31:03 +0100,2021-01-13 23:59:59 +0100,2021-01-13 23:59:59 +0100,9.70341
"Connect","31",,"FlightsClimbed","count",2021-01-24 16:31:03 +0100,2021-01-12 23:59:59 +0100,2021-01-12 23:59:59 +0100,26.543
"Connect","31",,"FlightsClimbed","count",2021-01-24 16:31:03 +0100,2021-01-11 23:59:59 +0100,2021-01-11 23:59:59 +0100,3.66043
"Connect","31",,"FlightsClimbed","count",2021-01-24 16:31:03 +0100,2021-01-10 23:59:59 +0100,2021-01-10 23:59:59 +0100,17.0659
"Connect","31",,"FlightsClimbed","count",2021-01-24 16:31:03 +0100,2021-01-09 23:59:59 +0100,2021-01-09 23:59:59 +0100,12.3113
"Connect","31",,"FlightsClimbed","count",2021-01-24 16:31:03 +0100,2021-01-08 23:59:59 +0100,2021-01-08 23:59:59 +0100,37.6542
"Connect","31",,"FlightsClimbed","count",2021-01-24 16:31:03 +0100,2021-01-07 23:59:59 +0100,2021-01-07 23:59:59 +0100,0
"Connect","31",,"FlightsClimbed","count",2021-01-24 16:31:03 +0100,2021-01-06 23:59:59 +0100,2021-01-06 23:59:59 +0100,35.5403
"Connect","31",,"FlightsClimbed","count",2021-01-24 16:31:03 +0100,2021-01-05 23:59:59 +0100,2021-01-05 23:59:59 +0100,16.185
"Connect","31",,"FlightsClimbed","count",2021-01-24 16:31:03 +0100,2021-01-04 23:59:59 +0100,2021-01-04 23:59:59 +0100,14.6775
"Connect","31",,"FlightsClimbed","count",2021-01-24 16:31:03 +0100,2021-01-03 23:59:59 +0100,2021-01-03 23:59:59 +0100,0
"Connect","31",,"FlightsClimbed","count",2021-01-24 16:31:03 +0100,2021-01-02 23:59:59 +0100,2021-01-02 23:59:59 +0100,4.79724
"Connect","31",,"FlightsClimbed","count",2021-01-24 16:31:03 +0100,2021-01-01 23:59:59 +0100,2021-01-01 23:59:59 +0100,0
"Connect","31",,"FlightsClimbed","count",2021-01-24 16:31:03 +0100,2020-12-31 23:59:59 +0100,2020-12-31 23:59:59 +0100,10.3071
"Connect","31",,"FlightsClimbed","count",2021-01-24 16:31:03 +0100,2020-12-30 23:59:59 +0100,2020-12-30 23:59:59 +0100,6
"Connect","31",,"FlightsClimbed","count",2021-01-24 16:31:03 +0100,2020-12-29 23:59:59 +0100,2020-12-29 23:59:59 +0100,15
"Connect","31",,"FlightsClimbed","count",2021-01-24 16:31:03 +0100,2020-12-28 23:59:59 +0100,2020-12-28 23:59:59 +0100,12.6893
"Connect","31",,"FlightsClimbed","count",2021-01-24 16:31:03 +0100,2020-12-27 23:59:59 +0100,2020-12-27 23:59:59 +0100,4.53379
"Connect","31",,"FlightsClimbed","count",2021-01-24 16:31:03 +0100,2020-12-26 23:59:59 +0100,2020-12-26 23:59:59 +0100,0
"Connect","31",,"FlightsClimbed","count",2021-01-24 16:31:03 +0100,2020-12-25 23:59:59 +0100,2020-12-25 23:59:59 +0100,20.7595
